Workbook

Sheet combined
A1: feature extraction | B1: batch size | C1: learning rate | D1: epochs | E1: msg per input | F1: bfw | G1: auc | H1: max f1 | I1: max f1 threshhold | J1: config ID | K1: Tie Threshold | L1: Wins | M1: Loss | O1: Best AUC
A2: 1 | B2: 1024 | C2: 0.0018 | D2: 1000 | E2: 192 | F2: 1 | G2: 0.87364046 | H2: 0.12448133 | I2: 0.54392657 | J2: =A2 & "_" & B2 & "_" & C2 & "_" & D2 & "_" & E2 -> 1_1024_0.0018_1000_192 | K2: {=IF(F2=1, H2 - _xlfn.XLOOKUP(1, (J:J=J2)*(F:F=0), H:H), _xlfn.XLOOKUP(1, (J:J=J2)*(F:F=1), H:H) - H2 )} -> 0.0080005347 | L2: =IF(AND(F2=1, K2 > $N$2), 1, 0) -> 1 | M2: =IF(AND(F2=1, K2 < -$N$2), 1, 0) -> 0 | N2: 0.002 | O2: feature extraction | P2: batch size | Q2: learning rate | R2: epochs | S2: msg per input | T2: bfw | U2: auc | V2: max f1 | W2: max f1 threshhold | X2: config ID | Y2: Tie Threshold
A3: 1 | B3: 1024 | C3: 0.0018 | D3: 1000 | E3: 192 | F3: 1 | G3: 0.87312799 | H3: 0.12396694 | I3: 0.54266989 | J3: =A3 & "_" & B3 & "_" & C3 & "_" & D3 & "_" & E3 -> 1_1024_0.0018_1000_192 | K3: {=IF(F3=1, H3 - _xlfn.XLOOKUP(1, (J:J=J3)*(F:F=0), H:H), _xlfn.XLOOKUP(1, (J:J=J3)*(F:F=1), H:H) - H3 )} -> 0.0074861491 | L3: =IF(AND(F3=1, K3 > $N$2), 1, 0) -> 1 | M3: =IF(AND(F3=1, K3 < -$N$2), 1, 0) -> 0 | O3: {=_xlfn.XLOOKUP(MAX(G:G), G:G, A:A:K:K)} -> 1 | P3: 512 | Q3: 0.002 | R3: 1000 | S3: 256 | T3: 1 | U3: 0.93214677 | V3: 0.18867925 | W3: 1.3812735 | X3: 1_512_0.002_1000_256 | Y3: 0.028835191
A4: 1 | B4: 1024 | C4: 0.0018 | D4: 1000 | E4: 192 | F4: 1 | G4: 0.87302233 | H4: 0.12465374 | I4: 0.54328243 | J4: =A4 & "_" & B4 & "_" & C4 & "_" & D4 & "_" & E4 -> 1_1024_0.0018_1000_192 | K4: {=IF(F4=1, H4 - _xlfn.XLOOKUP(1, (J:J=J4)*(F:F=0), H:H), _xlfn.XLOOKUP(1, (J:J=J4)*(F:F=1), H:H) - H4 )} -> 0.0081729466 | L4: =IF(AND(F4=1, K4 > $N$2), 1, 0) -> 1 | M4: =IF(AND(F4=1, K4 < -$N$2), 1, 0) -> 0 | O4: Best F1
A5: 1 | B5: 1024 | C5: 0.0018 | D5: 1000 | E5: 192 | F5: 0 | G5: 0.86589708 | H5: 0.11648079 | I5: 0.50726321 | J5: =A5 & "_" & B5 & "_" & C5 & "_" & D5 & "_" & E5 -> 1_1024_0.0018_1000_192 | K5: {=IF(F5=1, H5 - _xlfn.XLOOKUP(1, (J:J=J5)*(F:F=0), H:H), _xlfn.XLOOKUP(1, (J:J=J5)*(F:F=1), H:H) - H5 )} -> 0.0080005347 | L5: =IF(AND(F5=1, K5 > $N$2), 1, 0) -> 0 | M5: =IF(AND(F5=1, K5 < -$N$2), 1, 0) -> 0 | O5: {=_xlfn.XLOOKUP(MAX(H:H), H:H, A:A:K:K)} -> 1 | P5: 512 | Q5: 0.002 | R5: 1000 | S5: 256 | T5: 1 | U5: 0.93214677 | V5: 0.18867925 | W5: 1.3812735 | X5: 1_512_0.002_1000_256 | Y5: 0.028835191
A6: 1 | B6: 1024 | C6: 0.002 | D6: 1000 | E6: 192 | F6: 1 | G6: 0.88123943 | H6: 0.13024602 | I6: 0.58466298 | J6: =A6 & "_" & B6 & "_" & C6 & "_" & D6 & "_" & E6 -> 1_1024_0.002_1000_192 | K6: {=IF(F6=1, H6 - _xlfn.XLOOKUP(1, (J:J=J6)*(F:F=0), H:H), _xlfn.XLOOKUP(1, (J:J=J6)*(F:F=1), H:H) - H6 )} -> 0.0047344241 | L6: =IF(AND(F6=1, K6 > $N$2), 1, 0) -> 1 | M6: =IF(AND(F6=1, K6 < -$N$2), 1, 0) -> 0
A7: 1 | B7: 1024 | C7: 0.0025 | D7: 1000 | E7: 192 | F7: 1 | G7: 0.88062482 | H7: 0.1325811 | I7: 0.56031811 | J7: =A7 & "_" & B7 & "_" & C7 & "_" & D7 & "_" & E7 -> 1_1024_0.0025_1000_192 | K7: {=IF(F7=1, H7 - _xlfn.XLOOKUP(1, (J:J=J7)*(F:F=0), H:H), _xlfn.XLOOKUP(1, (J:J=J7)*(F:F=1), H:H) - H7 )} -> 0.010661515 | L7: =IF(AND(F7=1, K7 > $N$2), 1, 0) -> 1 | M7: =IF(AND(F7=1, K7 < -$N$2), 1, 0) -> 0 | O7: Average AUC with BFW | Q7: Average AUC without BFW | S7: Difference in AUC mean with BFW - without BFW
A8: 1 | B8: 1024 | C8: 0.0025 | D8: 1000 | E8: 192 | F8: 0 | G8: 0.87086855 | H8: 0.12191958 | I8: 0.51598738 | J8: =A8 & "_" & B8 & "_" & C8 & "_" & D8 & "_" & E8 -> 1_1024_0.0025_1000_192 | K8: {=IF(F8=1, H8 - _xlfn.XLOOKUP(1, (J:J=J8)*(F:F=0), H:H), _xlfn.XLOOKUP(1, (J:J=J8)*(F:F=1), H:H) - H8 )} -> 0.010661515 | L8: =IF(AND(F8=1, K8 > $N$2), 1, 0) -> 0 | M8: =IF(AND(F8=1, K8 < -$N$2), 1, 0) -> 0 | O8: =AVERAGEIF(F:F, 1, G:G) -> 0.82609576 | Q8: =AVERAGEIF(F:F, 0, G:G) -> 0.81653984 | S8: =O8-Q8 -> 0.0095559262
A9: 1 | B9: 1024 | C9: 0.002 | D9: 1000 | E9: 192 | F9: 0 | G9: 0.87448401 | H9: 0.1255116 | I9: 0.53182276 | J9: =A9 & "_" & B9 & "_" & C9 & "_" & D9 & "_" & E9 -> 1_1024_0.002_1000_192 | K9: {=IF(F9=1, H9 - _xlfn.XLOOKUP(1, (J:J=J9)*(F:F=0), H:H), _xlfn.XLOOKUP(1, (J:J=J9)*(F:F=1), H:H) - H9 )} -> 0.0047344241 | L9: =IF(AND(F9=1, K9 > $N$2), 1, 0) -> 0 | M9: =IF(AND(F9=1, K9 < -$N$2), 1, 0) -> 0
A10: 1 | B10: 1024 | C10: 0.0018 | D10: 1000 | E10: 224 | F10: 1 | G10: 0.88500631 | H10: 0.14285714 | I10: 0.59176155 | J10: =A10 & "_" & B10 & "_" & C10 & "_" & D10 & "_" & E10 -> 1_1024_0.0018_1000_224 | K10: {=IF(F10=1, H10 - _xlfn.XLOOKUP(1, (J:J=J10)*(F:F=0), H:H), _xlfn.XLOOKUP(1, (J:J=J10)*(F:F=1), H:H) - H10 )} -> 0.0086917762 | L10: =IF(AND(F10=1, K10 > $N$2), 1, 0) -> 1 | M10: =IF(AND(F10=1, K10 < -$N$2), 1, 0) -> 0 | O10: AUC Mean T Test p-value | Q10: Percent Improvement in AUC mean with BFW
A11: 1 | B11: 1024 | C11: 0.0018 | D11: 1000 | E11: 224 | F11: 0 | G11: 0.8799364 | H11: 0.13416537 | I11: 0.53742472 | J11: =A11 & "_" & B11 & "_" & C11 & "_" & D11 & "_" & E11 -> 1_1024_0.0018_1000_224 | K11: {=IF(F11=1, H11 - _xlfn.XLOOKUP(1, (J:J=J11)*(F:F=0), H:H), _xlfn.XLOOKUP(1, (J:J=J11)*(F:F=1), H:H) - H11 )} -> 0.0086917762 | L11: =IF(AND(F11=1, K11 > $N$2), 1, 0) -> 0 | M11: =IF(AND(F11=1, K11 < -$N$2), 1, 0) -> 0 | O11: {=_xlfn.T.TEST(_xlfn._xlws.FILTER(G:G, F:F=1), _xlfn._xlws.FILTER(G:G, F:F=0), 2, 3)} -> 0.76154837 | Q11: =(S8)/Q8*100 -> 1.1702952
A12: 1 | B12: 1024 | C12: 0.002 | D12: 1000 | E12: 224 | F12: 1 | G12: 0.8878385 | H12: 0.14488189 | I12: 0.54592661 | J12: =A12 & "_" & B12 & "_" & C12 & "_" & D12 & "_" & E12 -> 1_1024_0.002_1000_224 | K12: {=IF(F12=1, H12 - _xlfn.XLOOKUP(1, (J:J=J12)*(F:F=0), H:H), _xlfn.XLOOKUP(1, (J:J=J12)*(F:F=1), H:H) - H12 )} -> -0.0027906624 | L12: =IF(AND(F12=1, K12 > $N$2), 1, 0) -> 0 | M12: =IF(AND(F12=1, K12 < -$N$2), 1, 0) -> 1
A13: 1 | B13: 1024 | C13: 0.0025 | D13: 1000 | E13: 224 | F13: 1 | G13: 0.88769592 | H13: 0.14681892 | I13: 0.55315614 | J13: =A13 & "_" & B13 & "_" & C13 & "_" & D13 & "_" & E13 -> 1_1024_0.0025_1000_224 | K13: {=IF(F13=1, H13 - _xlfn.XLOOKUP(1, (J:J=J13)*(F:F=0), H:H), _xlfn.XLOOKUP(1, (J:J=J13)*(F:F=1), H:H) - H13 )} -> 0.0069379709 | L13: =IF(AND(F13=1, K13 > $N$2), 1, 0) -> 1 | M13: =IF(AND(F13=1, K13 < -$N$2), 1, 0) -> 0 | O13: Average F1 with BFW | Q13: Average F1 without BFW | S13: Difference in F1 mean with BFW - without BFW
A14: 1 | B14: 1024 | C14: 0.0025 | D14: 1000 | E14: 224 | F14: 0 | G14: 0.88072177 | H14: 0.13988095 | I14: 0.52650788 | J14: =A14 & "_" & B14 & "_" & C14 & "_" & D14 & "_" & E14 -> 1_1024_0.0025_1000_224 | K14: {=IF(F14=1, H14 - _xlfn.XLOOKUP(1, (J:J=J14)*(F:F=0), H:H), _xlfn.XLOOKUP(1, (J:J=J14)*(F:F=1), H:H) - H14 )} -> 0.0069379709 | L14: =IF(AND(F14=1, K14 > $N$2), 1, 0) -> 0 | M14: =IF(AND(F14=1, K14 < -$N$2), 1, 0) -> 0 | O14: =AVERAGEIF(F:F, 1, H:H) -> 0.11797939 | Q14: =AVERAGEIF(F:F, 0, H:H) -> 0.111959 | S14: =O14-Q14 -> 0.0060203876
A15: 1 | B15: 1024 | C15: 0.002 | D15: 1000 | E15: 224 | F15: 0 | G15: 0.89040003 | H15: 0.14767255 | I15: 0.54567521 | J15: =A15 & "_" & B15 & "_" & C15 & "_" & D15 & "_" & E15 -> 1_1024_0.002_1000_224 | K15: {=IF(F15=1, H15 - _xlfn.XLOOKUP(1, (J:J=J15)*(F:F=0), H:H), _xlfn.XLOOKUP(1, (J:J=J15)*(F:F=1), H:H) - H15 )} -> -0.0027906624 | L15: =IF(AND(F15=1, K15 > $N$2), 1, 0) -> 0 | M15: =IF(AND(F15=1, K15 < -$N$2), 1, 0) -> 0
A16: 1 | B16: 256 | C16: 0.0018 | D16: 1000 | E16: 192 | F16: 1 | G16: 0.87939737 | H16: 0.1296061 | I16: 0.51235213 | J16: =A16 & "_" & B16 & "_" & C16 & "_" & D16 & "_" & E16 -> 1_256_0.0018_1000_192 | K16: {=IF(F16=1, H16 - _xlfn.XLOOKUP(1, (J:J=J16)*(F:F=0), H:H), _xlfn.XLOOKUP(1, (J:J=J16)*(F:F=1), H:H) - H16 )} -> 0.010499399 | L16: =IF(AND(F16=1, K16 > $N$2), 1, 0) -> 1 | M16: =IF(AND(F16=1, K16 < -$N$2), 1, 0) -> 0 | O16: F1 Mean T Test p-value | Q16: Percent Improvement in AUC mean with BFW
A17: 1 | B17: 256 | C17: 0.0018 | D17: 1000 | E17: 192 | F17: 0 | G17: 0.86816885 | H17: 0.1191067 | I17: 0.50138964 | J17: =A17 & "_" & B17 & "_" & C17 & "_" & D17 & "_" & E17 -> 1_256_0.0018_1000_192 | K17: {=IF(F17=1, H17 - _xlfn.XLOOKUP(1, (J:J=J17)*(F:F=0), H:H), _xlfn.XLOOKUP(1, (J:J=J17)*(F:F=1), H:H) - H17 )} -> 0.010499399 | L17: =IF(AND(F17=1, K17 > $N$2), 1, 0) -> 0 | M17: =IF(AND(F17=1, K17 < -$N$2), 1, 0) -> 0 | O17: {=_xlfn.T.TEST(_xlfn._xlws.FILTER(H:H, F:F=1), _xlfn._xlws.FILTER(H:H, F:F=0), 2, 3)} -> 0.5907157 | Q17: =(S14)/Q14*100 -> 5.3773143
A18: 1 | B18: 256 | C18: 0.002 | D18: 1000 | E18: 192 | F18: 1 | G18: 0.88116723 | H18: 0.1319797 | I18: 0.51412949 | J18: =A18 & "_" & B18 & "_" & C18 & "_" & D18 & "_" & E18 -> 1_256_0.002_1000_192 | K18: {=IF(F18=1, H18 - _xlfn.XLOOKUP(1, (J:J=J18)*(F:F=0), H:H), _xlfn.XLOOKUP(1, (J:J=J18)*(F:F=1), H:H) - H18 )} -> 0.00065274605 | L18: =IF(AND(F18=1, K18 > $N$2), 1, 0) -> 0 | M18: =IF(AND(F18=1, K18 < -$N$2), 1, 0) -> 0
A19: 1 | B19: 256 | C19: 0.0025 | D19: 1000 | E19: 192 | F19: 1 | G19: 0.87697591 | H19: 0.12848485 | I19: 0.49881924 | J19: =A19 & "_" & B19 & "_" & C19 & "_" & D19 & "_" & E19 -> 1_256_0.0025_1000_192 | K19: {=IF(F19=1, H19 - _xlfn.XLOOKUP(1, (J:J=J19)*(F:F=0), H:H), _xlfn.XLOOKUP(1, (J:J=J19)*(F:F=1), H:H) - H19 )} -> 0.004106739 | L19: =IF(AND(F19=1, K19 > $N$2), 1, 0) -> 1 | M19: =IF(AND(F19=1, K19 < -$N$2), 1, 0) -> 0
A20: 1 | B20: 256 | C20: 0.0025 | D20: 1000 | E20: 192 | F20: 0 | G20: 0.87202381 | H20: 0.12437811 | I20: 0.50407391 | J20: =A20 & "_" & B20 & "_" & C20 & "_" & D20 & "_" & E20 -> 1_256_0.0025_1000_192 | K20: {=IF(F20=1, H20 - _xlfn.XLOOKUP(1, (J:J=J20)*(F:F=0), H:H), _xlfn.XLOOKUP(1, (J:J=J20)*(F:F=1), H:H) - H20 )} -> 0.004106739 | L20: =IF(AND(F20=1, K20 > $N$2), 1, 0) -> 0 | M20: =IF(AND(F20=1, K20 < -$N$2), 1, 0) -> 0 | O20: =O7 -> Average AUC with BFW | P20: =Q7 -> Average AUC without BFW | Q20: =S7 -> Difference in AUC mean with BFW - without BFW | R20: =O10 -> AUC Mean T Test p-value | S20: =Q10 -> Percent Improvement in AUC mean with BFW
A21: 1 | B21: 256 | C21: 0.002 | D21: 1000 | E21: 192 | F21: 0 | G21: 0.87936567 | H21: 0.13132695 | I21: 0.52721865 | J21: =A21 & "_" & B21 & "_" & C21 & "_" & D21 & "_" & E21 -> 1_256_0.002_1000_192 | K21: {=IF(F21=1, H21 - _xlfn.XLOOKUP(1, (J:J=J21)*(F:F=0), H:H), _xlfn.XLOOKUP(1, (J:J=J21)*(F:F=1), H:H) - H21 )} -> 0.00065274605 | L21: =IF(AND(F21=1, K21 > $N$2), 1, 0) -> 0 | M21: =IF(AND(F21=1, K21 < -$N$2), 1, 0) -> 0 | O21: =O8 -> 0.82609576 | P21: =Q8 -> 0.81653984 | Q21: =S8 -> 0.0095559262 | R21: =O11 -> 0.76154837 | S21: =Q11 -> 1.1702952
A22: 1 | B22: 256 | C22: 0.0018 | D22: 1000 | E22: 224 | F22: 1 | G22: 0.89183063 | H22: 0.15410385 | I22: 0.56769013 | J22: =A22 & "_" & B22 & "_" & C22 & "_" & D22 & "_" & E22 -> 1_256_0.0018_1000_224 | K22: {=IF(F22=1, H22 - _xlfn.XLOOKUP(1, (J:J=J22)*(F:F=0), H:H), _xlfn.XLOOKUP(1, (J:J=J22)*(F:F=1), H:H) - H22 )} -> -0.0016990091 | L22: =IF(AND(F22=1, K22 > $N$2), 1, 0) -> 0 | M22: =IF(AND(F22=1, K22 < -$N$2), 1, 0) -> 0
A23: 1 | B23: 256 | C23: 0.0018 | D23: 1000 | E23: 224 | F23: 0 | G23: 0.88495073 | H23: 0.15580286 | I23: 0.53799195 | J23: =A23 & "_" & B23 & "_" & C23 & "_" & D23 & "_" & E23 -> 1_256_0.0018_1000_224 | K23: {=IF(F23=1, H23 - _xlfn.XLOOKUP(1, (J:J=J23)*(F:F=0), H:H), _xlfn.XLOOKUP(1, (J:J=J23)*(F:F=1), H:H) - H23 )} -> -0.0016990091 | L23: =IF(AND(F23=1, K23 > $N$2), 1, 0) -> 0 | M23: =IF(AND(F23=1, K23 < -$N$2), 1, 0) -> 0
A24: 1 | B24: 256 | C24: 0.002 | D24: 1000 | E24: 224 | F24: 1 | G24: 0.89943066 | H24: 0.16404887 | I24: 0.59064645 | J24: =A24 & "_" & B24 & "_" & C24 & "_" & D24 & "_" & E24 -> 1_256_0.002_1000_224 | K24: {=IF(F24=1, H24 - _xlfn.XLOOKUP(1, (J:J=J24)*(F:F=0), H:H), _xlfn.XLOOKUP(1, (J:J=J24)*(F:F=1), H:H) - H24 )} -> 0.014643093 | L24: =IF(AND(F24=1, K24 > $N$2), 1, 0) -> 1 | M24: =IF(AND(F24=1, K24 < -$N$2), 1, 0) -> 0
A25: 1 | B25: 256 | C25: 0.0025 | D25: 1000 | E25: 224 | F25: 1 | G25: 0.8861445 | H25: 0.1503268 | I25: 0.55485303 | J25: =A25 & "_" & B25 & "_" & C25 & "_" & D25 & "_" & E25 -> 1_256_0.0025_1000_224 | K25: {=IF(F25=1, H25 - _xlfn.XLOOKUP(1, (J:J=J25)*(F:F=0), H:H), _xlfn.XLOOKUP(1, (J:J=J25)*(F:F=1), H:H) - H25 )} -> 0.0066317827 | L25: =IF(AND(F25=1, K25 > $N$2), 1, 0) -> 1 | M25: =IF(AND(F25=1, K25 < -$N$2), 1, 0) -> 0
A26: 1 | B26: 256 | C26: 0.0025 | D26: 1000 | E26: 224 | F26: 0 | G26: 0.88450608 | H26: 0.14369501 | I26: 0.51475247 | J26: =A26 & "_" & B26 & "_" & C26 & "_" & D26 & "_" & E26 -> 1_256_0.0025_1000_224 | K26: {=IF(F26=1, H26 - _xlfn.XLOOKUP(1, (J:J=J26)*(F:F=0), H:H), _xlfn.XLOOKUP(1, (J:J=J26)*(F:F=1), H:H) - H26 )} -> 0.0066317827 | L26: =IF(AND(F26=1, K26 > $N$2), 1, 0) -> 0 | M26: =IF(AND(F26=1, K26 < -$N$2), 1, 0) -> 0 | O26: =O13 -> Average F1 with BFW | P26: =Q13 -> Average F1 without BFW | Q26: =S13 -> Difference in F1 mean with BFW - without BFW | R26: =O16 -> F1 Mean T Test p-value | S26: =Q16 -> Percent Improvement in AUC mean with BFW
A27: 1 | B27: 256 | C27: 0.002 | D27: 1000 | E27: 224 | F27: 0 | G27: 0.88875195 | H27: 0.14940577 | I27: 0.5630078 | J27: =A27 & "_" & B27 & "_" & C27 & "_" & D27 & "_" & E27 -> 1_256_0.002_1000_224 | K27: {=IF(F27=1, H27 - _xlfn.XLOOKUP(1, (J:J=J27)*(F:F=0), H:H), _xlfn.XLOOKUP(1, (J:J=J27)*(F:F=1), H:H) - H27 )} -> 0.014643093 | L27: =IF(AND(F27=1, K27 > $N$2), 1, 0) -> 0 | M27: =IF(AND(F27=1, K27 < -$N$2), 1, 0) -> 0 | O27: =O14 -> 0.11797939 | P27: =Q14 -> 0.111959 | Q27: =S14 -> 0.0060203876 | R27: =O17 -> 0.5907157 | S27: =Q17 -> 5.3773143
A28: 1 | B28: 512 | C28: 0.0005 | D28: 1000 | E28: 64 | F28: 1 | G28: 0.65311506 | H28: 0.041574525 | I28: 0.45470345 | J28: =A28 & "_" & B28 & "_" & C28 & "_" & D28 & "_" & E28 -> 1_512_0.0005_1000_64 | K28: {=IF(F28=1, H28 - _xlfn.XLOOKUP(1, (J:J=J28)*(F:F=0), H:H), _xlfn.XLOOKUP(1, (J:J=J28)*(F:F=1), H:H) - H28 )} -> -0.003401552 | L28: =IF(AND(F28=1, K28 > $N$2), 1, 0) -> 0 | M28: =IF(AND(F28=1, K28 < -$N$2), 1, 0) -> 1
A29: 1 | B29: 512 | C29: 0.0005 | D29: 1000 | E29: 64 | F29: 0 | G29: 0.65846859 | H29: 0.044976077 | I29: 0.47871372 | J29: =A29 & "_" & B29 & "_" & C29 & "_" & D29 & "_" & E29 -> 1_512_0.0005_1000_64 | K29: {=IF(F29=1, H29 - _xlfn.XLOOKUP(1, (J:J=J29)*(F:F=0), H:H), _xlfn.XLOOKUP(1, (J:J=J29)*(F:F=1), H:H) - H29 )} -> -0.003401552 | L29: =IF(AND(F29=1, K29 > $N$2), 1, 0) -> 0 | M29: =IF(AND(F29=1, K29 < -$N$2), 1, 0) -> 0
A30: 1 | B30: 512 | C30: 0.0005 | D30: 200 | E30: 64 | F30: 1 | G30: 0.66891426 | H30: 0.045090909 | I30: 0.50101401 | J30: =A30 & "_" & B30 & "_" & C30 & "_" & D30 & "_" & E30 -> 1_512_0.0005_200_64 | K30: {=IF(F30=1, H30 - _xlfn.XLOOKUP(1, (J:J=J30)*(F:F=0), H:H), _xlfn.XLOOKUP(1, (J:J=J30)*(F:F=1), H:H) - H30 )} -> 0.0010174533 | L30: =IF(AND(F30=1, K30 > $N$2), 1, 0) -> 0 | M30: =IF(AND(F30=1, K30 < -$N$2), 1, 0) -> 0
A31: 1 | B31: 512 | C31: 0.0005 | D31: 200 | E31: 64 | F31: 0 | G31: 0.66724672 | H31: 0.044073456 | I31: 0.40686054 | J31: =A31 & "_" & B31 & "_" & C31 & "_" & D31 & "_" & E31 -> 1_512_0.0005_200_64 | K31: {=IF(F31=1, H31 - _xlfn.XLOOKUP(1, (J:J=J31)*(F:F=0), H:H), _xlfn.XLOOKUP(1, (J:J=J31)*(F:F=1), H:H) - H31 )} -> 0.0010174533 | L31: =IF(AND(F31=1, K31 > $N$2), 1, 0) -> 0 | M31: =IF(AND(F31=1, K31 < -$N$2), 1, 0) -> 0
A32: 1 | B32: 512 | C32: 0.0005 | D32: 1000 | E32: 96 | F32: 1 | G32: 0.78422504 | H32: 0.064450128 | I32: 0.44371626 | J32: =A32 & "_" & B32 & "_" & C32 & "_" & D32 & "_" & E32 -> 1_512_0.0005_1000_96 | K32: {=IF(F32=1, H32 - _xlfn.XLOOKUP(1, (J:J=J32)*(F:F=0), H:H), _xlfn.XLOOKUP(1, (J:J=J32)*(F:F=1), H:H) - H32 )} -> 0.013758884 | L32: =IF(AND(F32=1, K32 > $N$2), 1, 0) -> 1 | M32: =IF(AND(F32=1, K32 < -$N$2), 1, 0) -> 0
A33: 1 | B33: 512 | C33: 0.0005 | D33: 1000 | E33: 96 | F33: 0 | G33: 0.73497681 | H33: 0.050691244 | I33: 0.46505102 | J33: =A33 & "_" & B33 & "_" & C33 & "_" & D33 & "_" & E33 -> 1_512_0.0005_1000_96 | K33: {=IF(F33=1, H33 - _xlfn.XLOOKUP(1, (J:J=J33)*(F:F=0), H:H), _xlfn.XLOOKUP(1, (J:J=J33)*(F:F=1), H:H) - H33 )} -> 0.013758884 | L33: =IF(AND(F33=1, K33 > $N$2), 1, 0) -> 0 | M33: =IF(AND(F33=1, K33 < -$N$2), 1, 0) -> 0
A34: 1 | B34: 512 | C34: 0.0005 | D34: 1000 | E34: 128 | F34: 1 | G34: 0.85442475 | H34: 0.09152752 | I34: 0.47731008 | J34: =A34 & "_" & B34 & "_" & C34 & "_" & D34 & "_" & E34 -> 1_512_0.0005_1000_128 | K34: {=IF(F34=1, H34 - _xlfn.XLOOKUP(1, (J:J=J34)*(F:F=0), H:H), _xlfn.XLOOKUP(1, (J:J=J34)*(F:F=1), H:H) - H34 )} -> 0.014171683 | L34: =IF(AND(F34=1, K34 > $N$2), 1, 0) -> 1 | M34: =IF(AND(F34=1, K34 < -$N$2), 1, 0) -> 0
A35: 1 | B35: 512 | C35: 0.0005 | D35: 1000 | E35: 128 | F35: 0 | G35: 0.82670043 | H35: 0.077355837 | I35: 0.44313676 | J35: =A35 & "_" & B35 & "_" & C35 & "_" & D35 & "_" & E35 -> 1_512_0.0005_1000_128 | K35: {=IF(F35=1, H35 - _xlfn.XLOOKUP(1, (J:J=J35)*(F:F=0), H:H), _xlfn.XLOOKUP(1, (J:J=J35)*(F:F=1), H:H) - H35 )} -> 0.014171683 | L35: =IF(AND(F35=1, K35 > $N$2), 1, 0) -> 0 | M35: =IF(AND(F35=1, K35 < -$N$2), 1, 0) -> 0
A36: 1 | B36: 512 | C36: 0.0005 | D36: 200 | E36: 128 | F36: 1 | G36: 0.81430369 | H36: 0.07793765 | I36: 0.50462532 | J36: =A36 & "_" & B36 & "_" & C36 & "_" & D36 & "_" & E36 -> 1_512_0.0005_200_128 | K36: {=IF(F36=1, H36 - _xlfn.XLOOKUP(1, (J:J=J36)*(F:F=0), H:H), _xlfn.XLOOKUP(1, (J:J=J36)*(F:F=1), H:H) - H36 )} -> -0.0016217136 | L36: =IF(AND(F36=1, K36 > $N$2), 1, 0) -> 0 | M36: =IF(AND(F36=1, K36 < -$N$2), 1, 0) -> 0
A37: 1 | B37: 512 | C37: 0.0005 | D37: 200 | E37: 128 | F37: 0 | G37: 0.83107375 | H37: 0.079559364 | I37: 0.42672834 | J37: =A37 & "_" & B37 & "_" & C37 & "_" & D37 & "_" & E37 -> 1_512_0.0005_200_128 | K37: {=IF(F37=1, H37 - _xlfn.XLOOKUP(1, (J:J=J37)*(F:F=0), H:H), _xlfn.XLOOKUP(1, (J:J=J37)*(F:F=1), H:H) - H37 )} -> -0.0016217136 | L37: =IF(AND(F37=1, K37 > $N$2), 1, 0) -> 0 | M37: =IF(AND(F37=1, K37 < -$N$2), 1, 0) -> 0
A38: 1 | B38: 512 | C38: 0.0005 | D38: 1000 | E38: 160 | F38: 1 | G38: 0.87066182 | H38: 0.10218978 | I38: 0.5199841 | J38: =A38 & "_" & B38 & "_" & C38 & "_" & D38 & "_" & E38 -> 1_512_0.0005_1000_160 | K38: {=IF(F38=1, H38 - _xlfn.XLOOKUP(1, (J:J=J38)*(F:F=0), H:H), _xlfn.XLOOKUP(1, (J:J=J38)*(F:F=1), H:H) - H38 )} -> 0.0024874001 | L38: =IF(AND(F38=1, K38 > $N$2), 1, 0) -> 1 | M38: =IF(AND(F38=1, K38 < -$N$2), 1, 0) -> 0
A39: 1 | B39: 512 | C39: 0.0005 | D39: 1000 | E39: 160 | F39: 0 | G39: 0.86373611 | H39: 0.099702381 | I39: 0.4272696 | J39: =A39 & "_" & B39 & "_" & C39 & "_" & D39 & "_" & E39 -> 1_512_0.0005_1000_160 | K39: {=IF(F39=1, H39 - _xlfn.XLOOKUP(1, (J:J=J39)*(F:F=0), H:H), _xlfn.XLOOKUP(1, (J:J=J39)*(F:F=1), H:H) - H39 )} -> 0.0024874001 | L39: =IF(AND(F39=1, K39 > $N$2), 1, 0) -> 0 | M39: =IF(AND(F39=1, K39 < -$N$2), 1, 0) -> 0
... A69: 1 | B69: 512 | C69: 0.0005 | D69: 200 | E69: 32 | F69: 0 | G69: 0.55199164 | H69: 0.028485346 | I69: 0.36821307 | J69: =A69 & "_" & B69 & "_" & C69 & "_" & D69 & "_" & E69 -> 1_512_0.0005_200_32 | K69: {=IF(F69=1, H69 - _xlfn.XLOOKUP(1, (J:J=J69)*(F:F=0), H:H), _xlfn.XLOOKUP(1, (J:J=J69)*(F:F=1), H:H) - H69 )} -> 0.0023431699 | L69: =IF(AND(F69=1, K69 > $N$2), 1, 0) -> 0 | M69: =IF(AND(F69=1, K69 < -$N$2), 1, 0) -> 0
L70: =SUM(L2:L69) -> 25 | M70: =SUM(M2:M69) -> 5 | N70: =68-L70-M70 -> 38

Sheet dos
A1: feature extraction | B1: batch size | C1: learning rate | D1: epochs | E1: msg per input | F1: bfw | G1: auc | H1: max f1 | I1: max f1 threshhold | J1: config ID | K1: Tie Threshold | L1: Wins | M1: Loss | O1: Best AUC
A2: 1 | B2: 1024 | C2: 0.0018 | D2: 1000 | E2: 192 | F2: 1 | G2: 0.85436893 | H2: 0.90142672 | I2: 0.4522119 | J2: =A2 & "_" & B2 & "_" & C2 & "_" & D2 & "_" & E2 -> 1_1024_0.0018_1000_192 | K2: {=IF(F2=1, H2 - _xlfn.XLOOKUP(1, (J:J=J2)*(F:F=0), H:H), _xlfn.XLOOKUP(1, (J:J=J2)*(F:F=1), H:H) - H2 )} -> -0.00078970909 | L2: =IF(AND(F2=1, K2 > $N$2), 1, 0) -> 0 | M2: =IF(AND(F2=1, K2 < -$N$2), 1, 0) -> 0 | N2: 0.002 | O2: feature extraction | P2: batch size | Q2: learning rate | R2: epochs | S2: msg per input | T2: bfw | U2: auc | V2: max f1 | W2: max f1 threshhold | X2: config ID | Y2: Tie Threshold
A3: 1 | B3: 1024 | C3: 0.0018 | D3: 1000 | E3: 192 | F3: 1 | G3: 0.85451266 | H3: 0.89967638 | I3: 0.45170945 | J3: =A3 & "_" & B3 & "_" & C3 & "_" & D3 & "_" & E3 -> 1_1024_0.0018_1000_192 | K3: {=IF(F3=1, H3 - _xlfn.XLOOKUP(1, (J:J=J3)*(F:F=0), H:H), _xlfn.XLOOKUP(1, (J:J=J3)*(F:F=1), H:H) - H3 )} -> -0.0025400522 | L3: =IF(AND(F3=1, K3 > $N$2), 1, 0) -> 0 | M3: =IF(AND(F3=1, K3 < -$N$2), 1, 0) -> 1 | O3: {=_xlfn.XLOOKUP(MAX(G:G), G:G, A:A:K:K)} -> 1 | P3: 512 | Q3: 0.0001 | R3: 1000 | S3: 256 | T3: 0 | U3: 0.87194574 | V3: 0.91052632 | W3: 0.47789695 | X3: 1_512_0.0001_1000_256 | Y3: -0.037359793
A4: 1 | B4: 1024 | C4: 0.0018 | D4: 1000 | E4: 192 | F4: 1 | G4: 0.85461466 | H4: 0.90142672 | I4: 0.45219131 | J4: =A4 & "_" & B4 & "_" & C4 & "_" & D4 & "_" & E4 -> 1_1024_0.0018_1000_192 | K4: {=IF(F4=1, H4 - _xlfn.XLOOKUP(1, (J:J=J4)*(F:F=0), H:H), _xlfn.XLOOKUP(1, (J:J=J4)*(F:F=1), H:H) - H4 )} -> -0.00078970909 | L4: =IF(AND(F4=1, K4 > $N$2), 1, 0) -> 0 | M4: =IF(AND(F4=1, K4 < -$N$2), 1, 0) -> 0 | O4: Best F1
A5: 1 | B5: 1024 | C5: 0.0018 | D5: 1000 | E5: 192 | F5: 0 | G5: 0.85139465 | H5: 0.90221643 | I5: 0.42869146 | J5: =A5 & "_" & B5 & "_" & C5 & "_" & D5 & "_" & E5 -> 1_1024_0.0018_1000_192 | K5: {=IF(F5=1, H5 - _xlfn.XLOOKUP(1, (J:J=J5)*(F:F=0), H:H), _xlfn.XLOOKUP(1, (J:J=J5)*(F:F=1), H:H) - H5 )} -> -0.00078970909 | L5: =IF(AND(F5=1, K5 > $N$2), 1, 0) -> 0 | M5: =IF(AND(F5=1, K5 < -$N$2), 1, 0) -> 0 | O5: {=_xlfn.XLOOKUP(MAX(H:H), H:H, A:A:K:K)} -> 1 | P5: 256 | Q5: 0.0018 | R5: 1000 | S5: 224 | T5: 0 | U5: 0.85944816 | V5: 0.91271057 | W5: 0.45090365 | X5: 1_256_0.0018_1000_224 | Y5: -0.0001338795
A6: 1 | B6: 1024 | C6: 0.002 | D6: 1000 | E6: 192 | F6: 1 | G6: 0.84939054 | H6: 0.90201168 | I6: 0.46174795 | J6: =A6 & "_" & B6 & "_" & C6 & "_" & D6 & "_" & E6 -> 1_1024_0.002_1000_192 | K6: {=IF(F6=1, H6 - _xlfn.XLOOKUP(1, (J:J=J6)*(F:F=0), H:H), _xlfn.XLOOKUP(1, (J:J=J6)*(F:F=1), H:H) - H6 )} -> -0.003278979 | L6: =IF(AND(F6=1, K6 > $N$2), 1, 0) -> 0 | M6: =IF(AND(F6=1, K6 < -$N$2), 1, 0) -> 1
A7: 1 | B7: 1024 | C7: 0.0025 | D7: 1000 | E7: 192 | F7: 1 | G7: 0.85353205 | H7: 0.90355987 | I7: 0.4459174 | J7: =A7 & "_" & B7 & "_" & C7 & "_" & D7 & "_" & E7 -> 1_1024_0.0025_1000_192 | K7: {=IF(F7=1, H7 - _xlfn.XLOOKUP(1, (J:J=J7)*(F:F=0), H:H), _xlfn.XLOOKUP(1, (J:J=J7)*(F:F=1), H:H) - H7 )} -> 0.0018781112 | L7: =IF(AND(F7=1, K7 > $N$2), 1, 0) -> 0 | M7: =IF(AND(F7=1, K7 < -$N$2), 1, 0) -> 0 | O7: Average AUC with BFW | Q7: Average AUC without BFW | S7: Difference in AUC mean with BFW - without BFW
A8: 1 | B8: 1024 | C8: 0.0025 | D8: 1000 | E8: 192 | F8: 0 | G8: 0.85097621 | H8: 0.90168176 | I8: 0.42360062 | J8: =A8 & "_" & B8 & "_" & C8 & "_" & D8 & "_" & E8 -> 1_1024_0.0025_1000_192 | K8: {=IF(F8=1, H8 - _xlfn.XLOOKUP(1, (J:J=J8)*(F:F=0), H:H), _xlfn.XLOOKUP(1, (J:J=J8)*(F:F=1), H:H) - H8 )} -> 0.0018781112 | L8: =IF(AND(F8=1, K8 > $N$2), 1, 0) -> 0 | M8: =IF(AND(F8=1, K8 < -$N$2), 1, 0) -> 0 | O8: =AVERAGEIF(F:F, 1, G:G) -> 0.80550158 | Q8: =AVERAGEIF(F:F, 0, G:G) -> 0.81437112 | S8: =O8-Q8 -> -0.0088695417
A9: 1 | B9: 1024 | C9: 0.002 | D9: 1000 | E9: 192 | F9: 0 | G9: 0.85421593 | H9: 0.90529066 | I9: 0.44673848 | J9: =A9 & "_" & B9 & "_" & C9 & "_" & D9 & "_" & E9 -> 1_1024_0.002_1000_192 | K9: {=IF(F9=1, H9 - _xlfn.XLOOKUP(1, (J:J=J9)*(F:F=0), H:H), _xlfn.XLOOKUP(1, (J:J=J9)*(F:F=1), H:H) - H9 )} -> -0.003278979 | L9: =IF(AND(F9=1, K9 > $N$2), 1, 0) -> 0 | M9: =IF(AND(F9=1, K9 < -$N$2), 1, 0) -> 0
A10: 1 | B10: 1024 | C10: 0.0018 | D10: 1000 | E10: 224 | F10: 1 | G10: 0.84687165 | H10: 0.90288316 | I10: 0.46586354 | J10: =A10 & "_" & B10 & "_" & C10 & "_" & D10 & "_" & E10 -> 1_1024_0.0018_1000_224 | K10: {=IF(F10=1, H10 - _xlfn.XLOOKUP(1, (J:J=J10)*(F:F=0), H:H), _xlfn.XLOOKUP(1, (J:J=J10)*(F:F=1), H:H) - H10 )} -> -0.0028919197 | L10: =IF(AND(F10=1, K10 > $N$2), 1, 0) -> 0 | M10: =IF(AND(F10=1, K10 < -$N$2), 1, 0) -> 1 | O10: AUC Mean T Test p-value | Q10: Percent Improvement in AUC mean with BFW
A11: 1 | B11: 1024 | C11: 0.0018 | D11: 1000 | E11: 224 | F11: 0 | G11: 0.85359058 | H11: 0.90577508 | I11: 0.43965079 | J11: =A11 & "_" & B11 & "_" & C11 & "_" & D11 & "_" & E11 -> 1_1024_0.0018_1000_224 | K11: {=IF(F11=1, H11 - _xlfn.XLOOKUP(1, (J:J=J11)*(F:F=0), H:H), _xlfn.XLOOKUP(1, (J:J=J11)*(F:F=1), H:H) - H11 )} -> -0.0028919197 | L11: =IF(AND(F11=1, K11 > $N$2), 1, 0) -> 0 | M11: =IF(AND(F11=1, K11 < -$N$2), 1, 0) -> 0 | O11: {=_xlfn.T.TEST(_xlfn._xlws.FILTER(G:G, F:F=1), _xlfn._xlws.FILTER(G:G, F:F=0), 2, 3)} -> 0.71461429 | Q11: =(S8)/Q8*100 -> -1.0891277
A12: 1 | B12: 1024 | C12: 0.002 | D12: 1000 | E12: 224 | F12: 1 | G12: 0.8573973 | H12: 0.9070122 | I12: 0.45825681 | J12: =A12 & "_" & B12 & "_" & C12 & "_" & D12 & "_" & E12 -> 1_1024_0.002_1000_224 | K12: {=IF(F12=1, H12 - _xlfn.XLOOKUP(1, (J:J=J12)*(F:F=0), H:H), _xlfn.XLOOKUP(1, (J:J=J12)*(F:F=1), H:H) - H12 )} -> -0.0016600996 | L12: =IF(AND(F12=1, K12 > $N$2), 1, 0) -> 0 | M12: =IF(AND(F12=1, K12 < -$N$2), 1, 0) -> 0
A13: 1 | B13: 1024 | C13: 0.0025 | D13: 1000 | E13: 224 | F13: 1 | G13: 0.85991039 | H13: 0.91089109 | I13: 0.45444441 | J13: =A13 & "_" & B13 & "_" & C13 & "_" & D13 & "_" & E13 -> 1_1024_0.0025_1000_224 | K13: {=IF(F13=1, H13 - _xlfn.XLOOKUP(1, (J:J=J13)*(F:F=0), H:H), _xlfn.XLOOKUP(1, (J:J=J13)*(F:F=1), H:H) - H13 )} -> 0.003878894 | L13: =IF(AND(F13=1, K13 > $N$2), 1, 0) -> 1 | M13: =IF(AND(F13=1, K13 < -$N$2), 1, 0) -> 0 | O13: Average F1 with BFW | Q13: Average F1 without BFW | S13: Difference in F1 mean with BFW - without BFW
A14: 1 | B14: 1024 | C14: 0.0025 | D14: 1000 | E14: 224 | F14: 0 | G14: 0.8557077 | H14: 0.9070122 | I14: 0.44505274 | J14: =A14 & "_" & B14 & "_" & C14 & "_" & D14 & "_" & E14 -> 1_1024_0.0025_1000_224 | K14: {=IF(F14=1, H14 - _xlfn.XLOOKUP(1, (J:J=J14)*(F:F=0), H:H), _xlfn.XLOOKUP(1, (J:J=J14)*(F:F=1), H:H) - H14 )} -> 0.003878894 | L14: =IF(AND(F14=1, K14 > $N$2), 1, 0) -> 0 | M14: =IF(AND(F14=1, K14 < -$N$2), 1, 0) -> 0 | O14: =AVERAGEIF(F:F, 1, H:H) -> 0.86421745 | Q14: =AVERAGEIF(F:F, 0, H:H) -> 0.87296777 | S14: =O14-Q14 -> -0.0087503198
A15: 1 | B15: 1024 | C15: 0.002 | D15: 1000 | E15: 224 | F15: 0 | G15: 0.86054458 | H15: 0.90867229 | I15: 0.457027 | J15: =A15 & "_" & B15 & "_" & C15 & "_" & D15 & "_" & E15 -> 1_1024_0.002_1000_224 | K15: {=IF(F15=1, H15 - _xlfn.XLOOKUP(1, (J:J=J15)*(F:F=0), H:H), _xlfn.XLOOKUP(1, (J:J=J15)*(F:F=1), H:H) - H15 )} -> -0.0016600996 | L15: =IF(AND(F15=1, K15 > $N$2), 1, 0) -> 0 | M15: =IF(AND(F15=1, K15 < -$N$2), 1, 0) -> 0
A16: 1 | B16: 256 | C16: 0.0018 | D16: 1000 | E16: 192 | F16: 1 | G16: 0.84741077 | H16: 0.89490651 | I16: 0.42942099 | J16: =A16 & "_" & B16 & "_" & C16 & "_" & D16 & "_" & E16 -> 1_256_0.0018_1000_192 | K16: {=IF(F16=1, H16 - _xlfn.XLOOKUP(1, (J:J=J16)*(F:F=0), H:H), _xlfn.XLOOKUP(1, (J:J=J16)*(F:F=1), H:H) - H16 )} -> -0.010288293 | L16: =IF(AND(F16=1, K16 > $N$2), 1, 0) -> 0 | M16: =IF(AND(F16=1, K16 < -$N$2), 1, 0) -> 1 | O16: F1 Mean T Test p-value | Q16: Percent Improvement in AUC mean with BFW
A17: 1 | B17: 256 | C17: 0.0018 | D17: 1000 | E17: 192 | F17: 0 | G17: 0.84816651 | H17: 0.90519481 | I17: 0.42610096 | J17: =A17 & "_" & B17 & "_" & C17 & "_" & D17 & "_" & E17 -> 1_256_0.0018_1000_192 | K17: {=IF(F17=1, H17 - _xlfn.XLOOKUP(1, (J:J=J17)*(F:F=0), H:H), _xlfn.XLOOKUP(1, (J:J=J17)*(F:F=1), H:H) - H17 )} -> -0.010288293 | L17: =IF(AND(F17=1, K17 > $N$2), 1, 0) -> 0 | M17: =IF(AND(F17=1, K17 < -$N$2), 1, 0) -> 0 | O17: {=_xlfn.T.TEST(_xlfn._xlws.FILTER(H:H, F:F=1), _xlfn._xlws.FILTER(H:H, F:F=0), 2, 3)} -> 0.59145095 | Q17: =(S14)/Q14*100 -> -1.0023646
A18: 1 | B18: 256 | C18: 0.002 | D18: 1000 | E18: 192 | F18: 1 | G18: 0.84893848 | H18: 0.89877498 | I18: 0.42985877 | J18: =A18 & "_" & B18 & "_" & C18 & "_" & D18 & "_" & E18 -> 1_256_0.002_1000_192 | K18: {=IF(F18=1, H18 - _xlfn.XLOOKUP(1, (J:J=J18)*(F:F=0), H:H), _xlfn.XLOOKUP(1, (J:J=J18)*(F:F=1), H:H) - H18 )} -> -0.0061729328 | L18: =IF(AND(F18=1, K18 > $N$2), 1, 0) -> 0 | M18: =IF(AND(F18=1, K18 < -$N$2), 1, 0) -> 1
A19: 1 | B19: 256 | C19: 0.0025 | D19: 1000 | E19: 192 | F19: 1 | G19: 0.85225123 | H19: 0.90142672 | I19: 0.43281056 | J19: =A19 & "_" & B19 & "_" & C19 & "_" & D19 & "_" & E19 -> 1_256_0.0025_1000_192 | K19: {=IF(F19=1, H19 - _xlfn.XLOOKUP(1, (J:J=J19)*(F:F=0), H:H), _xlfn.XLOOKUP(1, (J:J=J19)*(F:F=1), H:H) - H19 )} -> -0.0030235432 | L19: =IF(AND(F19=1, K19 > $N$2), 1, 0) -> 0 | M19: =IF(AND(F19=1, K19 < -$N$2), 1, 0) -> 1
A20: 1 | B20: 256 | C20: 0.0025 | D20: 1000 | E20: 192 | F20: 0 | G20: 0.84810856 | H20: 0.90445026 | I20: 0.44034464 | J20: =A20 & "_" & B20 & "_" & C20 & "_" & D20 & "_" & E20 -> 1_256_0.0025_1000_192 | K20: {=IF(F20=1, H20 - _xlfn.XLOOKUP(1, (J:J=J20)*(F:F=0), H:H), _xlfn.XLOOKUP(1, (J:J=J20)*(F:F=1), H:H) - H20 )} -> -0.0030235432 | L20: =IF(AND(F20=1, K20 > $N$2), 1, 0) -> 0 | M20: =IF(AND(F20=1, K20 < -$N$2), 1, 0) -> 0 | O20: =O7 -> Average AUC with BFW | P20: =Q7 -> Average AUC without BFW | Q20: =S7 -> Difference in AUC mean with BFW - without BFW | R20: =O10 -> AUC Mean T Test p-value | S20: =Q10 -> Percent Improvement in AUC mean with BFW
A21: 1 | B21: 256 | C21: 0.002 | D21: 1000 | E21: 192 | F21: 0 | G21: 0.84958179 | H21: 0.90494792 | I21: 0.43117815 | J21: =A21 & "_" & B21 & "_" & C21 & "_" & D21 & "_" & E21 -> 1_256_0.002_1000_192 | K21: {=IF(F21=1, H21 - _xlfn.XLOOKUP(1, (J:J=J21)*(F:F=0), H:H), _xlfn.XLOOKUP(1, (J:J=J21)*(F:F=1), H:H) - H21 )} -> -0.0061729328 | L21: =IF(AND(F21=1, K21 > $N$2), 1, 0) -> 0 | M21: =IF(AND(F21=1, K21 < -$N$2), 1, 0) -> 0 | O21: =O8 -> 0.80550158 | P21: =Q8 -> 0.81437112 | Q21: =S8 -> -0.0088695417 | R21: =O11 -> 0.71461429 | S21: =Q11 -> -1.0891277
A22: 1 | B22: 256 | C22: 0.0018 | D22: 1000 | E22: 224 | F22: 1 | G22: 0.86186187 | H22: 0.91257669 | I22: 0.45223449 | J22: =A22 & "_" & B22 & "_" & C22 & "_" & D22 & "_" & E22 -> 1_256_0.0018_1000_224 | K22: {=IF(F22=1, H22 - _xlfn.XLOOKUP(1, (J:J=J22)*(F:F=0), H:H), _xlfn.XLOOKUP(1, (J:J=J22)*(F:F=1), H:H) - H22 )} -> -0.0001338795 | L22: =IF(AND(F22=1, K22 > $N$2), 1, 0) -> 0 | M22: =IF(AND(F22=1, K22 < -$N$2), 1, 0) -> 0
A23: 1 | B23: 256 | C23: 0.0018 | D23: 1000 | E23: 224 | F23: 0 | G23: 0.85944816 | H23: 0.91271057 | I23: 0.45090365 | J23: =A23 & "_" & B23 & "_" & C23 & "_" & D23 & "_" & E23 -> 1_256_0.0018_1000_224 | K23: {=IF(F23=1, H23 - _xlfn.XLOOKUP(1, (J:J=J23)*(F:F=0), H:H), _xlfn.XLOOKUP(1, (J:J=J23)*(F:F=1), H:H) - H23 )} -> -0.0001338795 | L23: =IF(AND(F23=1, K23 > $N$2), 1, 0) -> 0 | M23: =IF(AND(F23=1, K23 < -$N$2), 1, 0) -> 0
A24: 1 | B24: 256 | C24: 0.002 | D24: 1000 | E24: 224 | F24: 1 | G24: 0.86048621 | H24: 0.91160646 | I24: 0.4630427 | J24: =A24 & "_" & B24 & "_" & C24 & "_" & D24 & "_" & E24 -> 1_256_0.002_1000_224 | K24: {=IF(F24=1, H24 - _xlfn.XLOOKUP(1, (J:J=J24)*(F:F=0), H:H), _xlfn.XLOOKUP(1, (J:J=J24)*(F:F=1), H:H) - H24 )} -> 0.0051647388 | L24: =IF(AND(F24=1, K24 > $N$2), 1, 0) -> 1 | M24: =IF(AND(F24=1, K24 < -$N$2), 1, 0) -> 0
A25: 1 | B25: 256 | C25: 0.0025 | D25: 1000 | E25: 224 | F25: 1 | G25: 0.85349277 | H25: 0.90362375 | I25: 0.46472752 | J25: =A25 & "_" & B25 & "_" & C25 & "_" & D25 & "_" & E25 -> 1_256_0.0025_1000_224 | K25: {=IF(F25=1, H25 - _xlfn.XLOOKUP(1, (J:J=J25)*(F:F=0), H:H), _xlfn.XLOOKUP(1, (J:J=J25)*(F:F=1), H:H) - H25 )} -> -0.0036559464 | L25: =IF(AND(F25=1, K25 > $N$2), 1, 0) -> 0 | M25: =IF(AND(F25=1, K25 < -$N$2), 1, 0) -> 1
A26: 1 | B26: 256 | C26: 0.0025 | D26: 1000 | E26: 224 | F26: 0 | G26: 0.8544204 | H26: 0.90727969 | I26: 0.45185108 | J26: =A26 & "_" & B26 & "_" & C26 & "_" & D26 & "_" & E26 -> 1_256_0.0025_1000_224 | K26: {=IF(F26=1, H26 - _xlfn.XLOOKUP(1, (J:J=J26)*(F:F=0), H:H), _xlfn.XLOOKUP(1, (J:J=J26)*(F:F=1), H:H) - H26 )} -> -0.0036559464 | L26: =IF(AND(F26=1, K26 > $N$2), 1, 0) -> 0 | M26: =IF(AND(F26=1, K26 < -$N$2), 1, 0) -> 0 | O26: =O13 -> Average F1 with BFW | P26: =Q13 -> Average F1 without BFW | Q26: =S13 -> Difference in F1 mean with BFW - without BFW | R26: =O16 -> F1 Mean T Test p-value | S26: =Q16 -> Percent Improvement in AUC mean with BFW
A27: 1 | B27: 256 | C27: 0.002 | D27: 1000 | E27: 224 | F27: 0 | G27: 0.85473591 | H27: 0.90644172 | I27: 0.45541424 | J27: =A27 & "_" & B27 & "_" & C27 & "_" & D27 & "_" & E27 -> 1_256_0.002_1000_224 | K27: {=IF(F27=1, H27 - _xlfn.XLOOKUP(1, (J:J=J27)*(F:F=0), H:H), _xlfn.XLOOKUP(1, (J:J=J27)*(F:F=1), H:H) - H27 )} -> 0.0051647388 | L27: =IF(AND(F27=1, K27 > $N$2), 1, 0) -> 0 | M27: =IF(AND(F27=1, K27 < -$N$2), 1, 0) -> 0 | O27: =O14 -> 0.86421745 | P27: =Q14 -> 0.87296777 | Q27: =S14 -> -0.0087503198 | R27: =O17 -> 0.59145095 | S27: =Q17 -> -1.0023646
A28: 1 | B28: 512 | C28: 0.0005 | D28: 1000 | E28: 64 | F28: 1 | G28: 0.76307011 | H28: 0.79379598 | I28: 0.31407885 | J28: =A28 & "_" & B28 & "_" & C28 & "_" & D28 & "_" & E28 -> 1_512_0.0005_1000_64 | K28: {=IF(F28=1, H28 - _xlfn.XLOOKUP(1, (J:J=J28)*(F:F=0), H:H), _xlfn.XLOOKUP(1, (J:J=J28)*(F:F=1), H:H) - H28 )} -> -0.020971681 | L28: =IF(AND(F28=1, K28 > $N$2), 1, 0) -> 0 | M28: =IF(AND(F28=1, K28 < -$N$2), 1, 0) -> 1
A29: 1 | B29: 512 | C29: 0.0005 | D29: 1000 | E29: 64 | F29: 0 | G29: 0.78064386 | H29: 0.81476766 | I29: 0.33266849 | J29: =A29 & "_" & B29 & "_" & C29 & "_" & D29 & "_" & E29 -> 1_512_0.0005_1000_64 | K29: {=IF(F29=1, H29 - _xlfn.XLOOKUP(1, (J:J=J29)*(F:F=0), H:H), _xlfn.XLOOKUP(1, (J:J=J29)*(F:F=1), H:H) - H29 )} -> -0.020971681 | L29: =IF(AND(F29=1, K29 > $N$2), 1, 0) -> 0 | M29: =IF(AND(F29=1, K29 < -$N$2), 1, 0) -> 0
A30: 1 | B30: 512 | C30: 0.0005 | D30: 200 | E30: 64 | F30: 1 | G30: 0.75769738 | H30: 0.7936576 | I30: 0.39956305 | J30: =A30 & "_" & B30 & "_" & C30 & "_" & D30 & "_" & E30 -> 1_512_0.0005_200_64 | K30: {=IF(F30=1, H30 - _xlfn.XLOOKUP(1, (J:J=J30)*(F:F=0), H:H), _xlfn.XLOOKUP(1, (J:J=J30)*(F:F=1), H:H) - H30 )} -> -0.017444641 | L30: =IF(AND(F30=1, K30 > $N$2), 1, 0) -> 0 | M30: =IF(AND(F30=1, K30 < -$N$2), 1, 0) -> 1
A31: 1 | B31: 512 | C31: 0.0005 | D31: 200 | E31: 64 | F31: 0 | G31: 0.78691145 | H31: 0.81110224 | I31: 0.31494709 | J31: =A31 & "_" & B31 & "_" & C31 & "_" & D31 & "_" & E31 -> 1_512_0.0005_200_64 | K31: {=IF(F31=1, H31 - _xlfn.XLOOKUP(1, (J:J=J31)*(F:F=0), H:H), _xlfn.XLOOKUP(1, (J:J=J31)*(F:F=1), H:H) - H31 )} -> -0.017444641 | L31: =IF(AND(F31=1, K31 > $N$2), 1, 0) -> 0 | M31: =IF(AND(F31=1, K31 < -$N$2), 1, 0) -> 0
A32: 1 | B32: 512 | C32: 0.0005 | D32: 1000 | E32: 96 | F32: 1 | G32: 0.81374394 | H32: 0.84712396 | I32: 0.36834645 | J32: =A32 & "_" & B32 & "_" & C32 & "_" & D32 & "_" & E32 -> 1_512_0.0005_1000_96 | K32: {=IF(F32=1, H32 - _xlfn.XLOOKUP(1, (J:J=J32)*(F:F=0), H:H), _xlfn.XLOOKUP(1, (J:J=J32)*(F:F=1), H:H) - H32 )} -> -0.017243854 | L32: =IF(AND(F32=1, K32 > $N$2), 1, 0) -> 0 | M32: =IF(AND(F32=1, K32 < -$N$2), 1, 0) -> 1
A33: 1 | B33: 512 | C33: 0.0005 | D33: 1000 | E33: 96 | F33: 0 | G33: 0.83497386 | H33: 0.86436782 | I33: 0.37838875 | J33: =A33 & "_" & B33 & "_" & C33 & "_" & D33 & "_" & E33 -> 1_512_0.0005_1000_96 | K33: {=IF(F33=1, H33 - _xlfn.XLOOKUP(1, (J:J=J33)*(F:F=0), H:H), _xlfn.XLOOKUP(1, (J:J=J33)*(F:F=1), H:H) - H33 )} -> -0.017243854 | L33: =IF(AND(F33=1, K33 > $N$2), 1, 0) -> 0 | M33: =IF(AND(F33=1, K33 < -$N$2), 1, 0) -> 0
A34: 1 | B34: 512 | C34: 0.0005 | D34: 1000 | E34: 128 | F34: 1 | G34: 0.82898485 | H34: 0.86382623 | I34: 0.44550064 | J34: =A34 & "_" & B34 & "_" & C34 & "_" & D34 & "_" & E34 -> 1_512_0.0005_1000_128 | K34: {=IF(F34=1, H34 - _xlfn.XLOOKUP(1, (J:J=J34)*(F:F=0), H:H), _xlfn.XLOOKUP(1, (J:J=J34)*(F:F=1), H:H) - H34 )} -> -0.0065999408 | L34: =IF(AND(F34=1, K34 > $N$2), 1, 0) -> 0 | M34: =IF(AND(F34=1, K34 < -$N$2), 1, 0) -> 1
A35: 1 | B35: 512 | C35: 0.0005 | D35: 1000 | E35: 128 | F35: 0 | G35: 0.82502377 | H35: 0.87042617 | I35: 0.39110203 | J35: =A35 & "_" & B35 & "_" & C35 & "_" & D35 & "_" & E35 -> 1_512_0.0005_1000_128 | K35: {=IF(F35=1, H35 - _xlfn.XLOOKUP(1, (J:J=J35)*(F:F=0), H:H), _xlfn.XLOOKUP(1, (J:J=J35)*(F:F=1), H:H) - H35 )} -> -0.0065999408 | L35: =IF(AND(F35=1, K35 > $N$2), 1, 0) -> 0 | M35: =IF(AND(F35=1, K35 < -$N$2), 1, 0) -> 0
A36: 1 | B36: 512 | C36: 0.0005 | D36: 200 | E36: 128 | F36: 1 | G36: 0.80163286 | H36: 0.84938272 | I36: 0.43834545 | J36: =A36 & "_" & B36 & "_" & C36 & "_" & D36 & "_" & E36 -> 1_512_0.0005_200_128 | K36: {=IF(F36=1, H36 - _xlfn.XLOOKUP(1, (J:J=J36)*(F:F=0), H:H), _xlfn.XLOOKUP(1, (J:J=J36)*(F:F=1), H:H) - H36 )} -> -0.036270389 | L36: =IF(AND(F36=1, K36 > $N$2), 1, 0) -> 0 | M36: =IF(AND(F36=1, K36 < -$N$2), 1, 0) -> 1
A37: 1 | B37: 512 | C37: 0.0005 | D37: 200 | E37: 128 | F37: 0 | G37: 0.83539604 | H37: 0.8856531 | I37: 0.39235384 | J37: =A37 & "_" & B37 & "_" & C37 & "_" & D37 & "_" & E37 -> 1_512_0.0005_200_128 | K37: {=IF(F37=1, H37 - _xlfn.XLOOKUP(1, (J:J=J37)*(F:F=0), H:H), _xlfn.XLOOKUP(1, (J:J=J37)*(F:F=1), H:H) - H37 )} -> -0.036270389 | L37: =IF(AND(F37=1, K37 > $N$2), 1, 0) -> 0 | M37: =IF(AND(F37=1, K37 < -$N$2), 1, 0) -> 0
A38: 1 | B38: 512 | C38: 0.0005 | D38: 1000 | E38: 160 | F38: 1 | G38: 0.82676386 | H38: 0.88114105 | I38: 0.47731801 | J38: =A38 & "_" & B38 & "_" & C38 & "_" & D38 & "_" & E38 -> 1_512_0.0005_1000_160 | K38: {=IF(F38=1, H38 - _xlfn.XLOOKUP(1, (J:J=J38)*(F:F=0), H:H), _xlfn.XLOOKUP(1, (J:J=J38)*(F:F=1), H:H) - H38 )} -> -0.014076579 | L38: =IF(AND(F38=1, K38 > $N$2), 1, 0) -> 0 | M38: =IF(AND(F38=1, K38 < -$N$2), 1, 0) -> 1
A39: 1 | B39: 512 | C39: 0.0005 | D39: 1000 | E39: 160 | F39: 0 | G39: 0.84920393 | H39: 0.89521762 | I39: 0.40687051 | J39: =A39 & "_" & B39 & "_" & C39 & "_" & D39 & "_" & E39 -> 1_512_0.0005_1000_160 | K39: {=IF(F39=1, H39 - _xlfn.XLOOKUP(1, (J:J=J39)*(F:F=0), H:H), _xlfn.XLOOKUP(1, (J:J=J39)*(F:F=1), H:H) - H39 )} -> -0.014076579 | L39: =IF(AND(F39=1, K39 > $N$2), 1, 0) -> 0 | M39: =IF(AND(F39=1, K39 < -$N$2), 1, 0) -> 0
... A69: 1 | B69: 512 | C69: 0.0005 | D69: 200 | E69: 32 | F69: 0 | G69: 0.64848357 | H69: 0.71783722 | I69: 0.20994888 | J69: =A69 & "_" & B69 & "_" & C69 & "_" & D69 & "_" & E69 -> 1_512_0.0005_200_32 | K69: {=IF(F69=1, H69 - _xlfn.XLOOKUP(1, (J:J=J69)*(F:F=0), H:H), _xlfn.XLOOKUP(1, (J:J=J69)*(F:F=1), H:H) - H69 )} -> 0.0032064961 | L69: =IF(AND(F69=1, K69 > $N$2), 1, 0) -> 0 | M69: =IF(AND(F69=1, K69 < -$N$2), 1, 0) -> 0
L70: =SUM(L2:L69) -> 6 | M70: =SUM(M2:M69) -> 22 | N70: =68-L70-M70 -> 40

Sheet fuzzy
A1: feature extraction | B1: batch size | C1: learning rate | D1: epochs | E1: msg per input | F1: bfw | G1: auc | H1: max f1 | I1: max f1 threshhold | J1: config ID | K1: Tie Threshold | L1: Wins | M1: Loss | O1: Best AUC
A2: 1 | B2: 1024 | C2: 0.0018 | D2: 1000 | E2: 192 | F2: 1 | G2: 0.99882667 | H2: 0.99494949 | I2: 0.84762159 | J2: =A2 & "_" & B2 & "_" & C2 & "_" & D2 & "_" & E2 -> 1_1024_0.0018_1000_192 | K2: {=IF(F2=1, H2 - _xlfn.XLOOKUP(1, (J:J=J2)*(F:F=0), H:H), _xlfn.XLOOKUP(1, (J:J=J2)*(F:F=1), H:H) - H2 )} -> -0.001010101 | L2: =IF(AND(F2=1, K2 > $N$2), 1, 0) -> 0 | M2: =IF(AND(F2=1, K2 < -$N$2), 1, 0) -> 0 | N2: 0.002 | O2: feature extraction | P2: batch size | Q2: learning rate | R2: epochs | S2: msg per input | T2: bfw | U2: auc | V2: max f1 | W2: max f1 threshhold | X2: config ID | Y2: Tie Threshold
A3: 1 | B3: 1024 | C3: 0.0018 | D3: 1000 | E3: 192 | F3: 1 | G3: 0.99882757 | H3: 0.99494949 | I3: 0.84790625 | J3: =A3 & "_" & B3 & "_" & C3 & "_" & D3 & "_" & E3 -> 1_1024_0.0018_1000_192 | K3: {=IF(F3=1, H3 - _xlfn.XLOOKUP(1, (J:J=J3)*(F:F=0), H:H), _xlfn.XLOOKUP(1, (J:J=J3)*(F:F=1), H:H) - H3 )} -> -0.001010101 | L3: =IF(AND(F3=1, K3 > $N$2), 1, 0) -> 0 | M3: =IF(AND(F3=1, K3 < -$N$2), 1, 0) -> 0 | O3: {=_xlfn.XLOOKUP(MAX(G:G), G:G, A:A:K:K)} -> 1 | P3: 512 | Q3: 0.0005 | R3: 1000 | S3: 128 | T3: 0 | U3: 0.99966169 | V3: 0.99088761 | W3: 0.82213952 | X3: 1_512_0.0005_1000_128 | Y3: -0.011502687
A4: 1 | B4: 1024 | C4: 0.0018 | D4: 1000 | E4: 192 | F4: 1 | G4: 0.99882656 | H4: 0.99494949 | I4: 0.84748888 | J4: =A4 & "_" & B4 & "_" & C4 & "_" & D4 & "_" & E4 -> 1_1024_0.0018_1000_192 | K4: {=IF(F4=1, H4 - _xlfn.XLOOKUP(1, (J:J=J4)*(F:F=0), H:H), _xlfn.XLOOKUP(1, (J:J=J4)*(F:F=1), H:H) - H4 )} -> -0.001010101 | L4: =IF(AND(F4=1, K4 > $N$2), 1, 0) -> 0 | M4: =IF(AND(F4=1, K4 < -$N$2), 1, 0) -> 0 | O4: Best F1
A5: 1 | B5: 1024 | C5: 0.0018 | D5: 1000 | E5: 192 | F5: 0 | G5: 0.99897979 | H5: 0.9959596 | I5: 0.84067789 | J5: =A5 & "_" & B5 & "_" & C5 & "_" & D5 & "_" & E5 -> 1_1024_0.0018_1000_192 | K5: {=IF(F5=1, H5 - _xlfn.XLOOKUP(1, (J:J=J5)*(F:F=0), H:H), _xlfn.XLOOKUP(1, (J:J=J5)*(F:F=1), H:H) - H5 )} -> -0.001010101 | L5: =IF(AND(F5=1, K5 > $N$2), 1, 0) -> 0 | M5: =IF(AND(F5=1, K5 < -$N$2), 1, 0) -> 0 | O5: {=_xlfn.XLOOKUP(MAX(H:H), H:H, A:A:K:K)} -> 1 | P5: 512 | Q5: 0.002 | R5: 1000 | S5: 224 | T5: 0 | U5: 0.99917371 | V5: 0.99882214 | W5: 0.78901706 | X5: 1_512_0.002_1000_224 | Y5: -0.00058996927
A6: 1 | B6: 1024 | C6: 0.002 | D6: 1000 | E6: 192 | F6: 1 | G6: 0.99911318 | H6: 0.99443601 | I6: 0.89491317 | J6: =A6 & "_" & B6 & "_" & C6 & "_" & D6 & "_" & E6 -> 1_1024_0.002_1000_192 | K6: {=IF(F6=1, H6 - _xlfn.XLOOKUP(1, (J:J=J6)*(F:F=0), H:H), _xlfn.XLOOKUP(1, (J:J=J6)*(F:F=1), H:H) - H6 )} -> -0.00050325709 | L6: =IF(AND(F6=1, K6 > $N$2), 1, 0) -> 0 | M6: =IF(AND(F6=1, K6 < -$N$2), 1, 0) -> 0
A7: 1 | B7: 1024 | C7: 0.0025 | D7: 1000 | E7: 192 | F7: 1 | G7: 0.99894948 | H7: 0.99494439 | I7: 0.91041622 | J7: =A7 & "_" & B7 & "_" & C7 & "_" & D7 & "_" & E7 -> 1_1024_0.0025_1000_192 | K7: {=IF(F7=1, H7 - _xlfn.XLOOKUP(1, (J:J=J7)*(F:F=0), H:H), _xlfn.XLOOKUP(1, (J:J=J7)*(F:F=1), H:H) - H7 )} -> -0.0020222447 | L7: =IF(AND(F7=1, K7 > $N$2), 1, 0) -> 0 | M7: =IF(AND(F7=1, K7 < -$N$2), 1, 0) -> 1 | O7: Average AUC with BFW | Q7: Average AUC without BFW | S7: Difference in AUC mean with BFW - without BFW
A8: 1 | B8: 1024 | C8: 0.0025 | D8: 1000 | E8: 192 | F8: 0 | G8: 0.99865996 | H8: 0.99696663 | I8: 0.83641596 | J8: =A8 & "_" & B8 & "_" & C8 & "_" & D8 & "_" & E8 -> 1_1024_0.0025_1000_192 | K8: {=IF(F8=1, H8 - _xlfn.XLOOKUP(1, (J:J=J8)*(F:F=0), H:H), _xlfn.XLOOKUP(1, (J:J=J8)*(F:F=1), H:H) - H8 )} -> -0.0020222447 | L8: =IF(AND(F8=1, K8 > $N$2), 1, 0) -> 0 | M8: =IF(AND(F8=1, K8 < -$N$2), 1, 0) -> 0 | O8: =AVERAGEIF(F:F, 1, G:G) -> 0.97779924 | Q8: =AVERAGEIF(F:F, 0, G:G) -> 0.97712208 | S8: =O8-Q8 -> 0.00067715854
A9: 1 | B9: 1024 | C9: 0.002 | D9: 1000 | E9: 192 | F9: 0 | G9: 0.99899216 | H9: 0.99493927 | I9: 0.83574468 | J9: =A9 & "_" & B9 & "_" & C9 & "_" & D9 & "_" & E9 -> 1_1024_0.002_1000_192 | K9: {=IF(F9=1, H9 - _xlfn.XLOOKUP(1, (J:J=J9)*(F:F=0), H:H), _xlfn.XLOOKUP(1, (J:J=J9)*(F:F=1), H:H) - H9 )} -> -0.00050325709 | L9: =IF(AND(F9=1, K9 > $N$2), 1, 0) -> 0 | M9: =IF(AND(F9=1, K9 < -$N$2), 1, 0) -> 0
A10: 1 | B10: 1024 | C10: 0.0018 | D10: 1000 | E10: 224 | F10: 1 | G10: 0.99930859 | H10: 0.99705015 | I10: 0.87397628 | J10: =A10 & "_" & B10 & "_" & C10 & "_" & D10 & "_" & E10 -> 1_1024_0.0018_1000_224 | K10: {=IF(F10=1, H10 - _xlfn.XLOOKUP(1, (J:J=J10)*(F:F=0), H:H), _xlfn.XLOOKUP(1, (J:J=J10)*(F:F=1), H:H) - H10 )} -> 0 | L10: =IF(AND(F10=1, K10 > $N$2), 1, 0) -> 0 | M10: =IF(AND(F10=1, K10 < -$N$2), 1, 0) -> 0 | O10: AUC Mean T Test p-value | Q10: Percent Improvement in AUC mean with BFW
A11: 1 | B11: 1024 | C11: 0.0018 | D11: 1000 | E11: 224 | F11: 0 | G11: 0.99935244 | H11: 0.99705015 | I11: 0.84357337 | J11: =A11 & "_" & B11 & "_" & C11 & "_" & D11 & "_" & E11 -> 1_1024_0.0018_1000_224 | K11: {=IF(F11=1, H11 - _xlfn.XLOOKUP(1, (J:J=J11)*(F:F=0), H:H), _xlfn.XLOOKUP(1, (J:J=J11)*(F:F=1), H:H) - H11 )} -> 0 | L11: =IF(AND(F11=1, K11 > $N$2), 1, 0) -> 0 | M11: =IF(AND(F11=1, K11 < -$N$2), 1, 0) -> 0 | O11: {=_xlfn.T.TEST(_xlfn._xlws.FILTER(G:G, F:F=1), _xlfn._xlws.FILTER(G:G, F:F=0), 2, 3)} -> 0.97296619 | Q11: =(S8)/Q8*100 -> 0.069301324
A12: 1 | B12: 1024 | C12: 0.002 | D12: 1000 | E12: 224 | F12: 1 | G12: 0.99921923 | H12: 0.99823217 | I12: 0.82159161 | J12: =A12 & "_" & B12 & "_" & C12 & "_" & D12 & "_" & E12 -> 1_1024_0.002_1000_224 | K12: {=IF(F12=1, H12 - _xlfn.XLOOKUP(1, (J:J=J12)*(F:F=0), H:H), _xlfn.XLOOKUP(1, (J:J=J12)*(F:F=1), H:H) - H12 )} -> 0.00058788703 | L12: =IF(AND(F12=1, K12 > $N$2), 1, 0) -> 0 | M12: =IF(AND(F12=1, K12 < -$N$2), 1, 0) -> 0
A13: 1 | B13: 1024 | C13: 0.0025 | D13: 1000 | E13: 224 | F13: 1 | G13: 0.99934667 | H13: 0.99823217 | I13: 0.81894623 | J13: =A13 & "_" & B13 & "_" & C13 & "_" & D13 & "_" & E13 -> 1_1024_0.0025_1000_224 | K13: {=IF(F13=1, H13 - _xlfn.XLOOKUP(1, (J:J=J13)*(F:F=0), H:H), _xlfn.XLOOKUP(1, (J:J=J13)*(F:F=1), H:H) - H13 )} -> 0 | L13: =IF(AND(F13=1, K13 > $N$2), 1, 0) -> 0 | M13: =IF(AND(F13=1, K13 < -$N$2), 1, 0) -> 0 | O13: Average F1 with BFW | Q13: Average F1 without BFW | S13: Difference in F1 mean with BFW - without BFW
A14: 1 | B14: 1024 | C14: 0.0025 | D14: 1000 | E14: 224 | F14: 0 | G14: 0.99948323 | H14: 0.99823217 | I14: 0.80502422 | J14: =A14 & "_" & B14 & "_" & C14 & "_" & D14 & "_" & E14 -> 1_1024_0.0025_1000_224 | K14: {=IF(F14=1, H14 - _xlfn.XLOOKUP(1, (J:J=J14)*(F:F=0), H:H), _xlfn.XLOOKUP(1, (J:J=J14)*(F:F=1), H:H) - H14 )} -> 0 | L14: =IF(AND(F14=1, K14 > $N$2), 1, 0) -> 0 | M14: =IF(AND(F14=1, K14 < -$N$2), 1, 0) -> 0 | O14: =AVERAGEIF(F:F, 1, H:H) -> 0.94583645 | Q14: =AVERAGEIF(F:F, 0, H:H) -> 0.94479022 | S14: =O14-Q14 -> 0.0010462246
A15: 1 | B15: 1024 | C15: 0.002 | D15: 1000 | E15: 224 | F15: 0 | G15: 0.99948581 | H15: 0.99764429 | I15: 0.79248291 | J15: =A15 & "_" & B15 & "_" & C15 & "_" & D15 & "_" & E15 -> 1_1024_0.002_1000_224 | K15: {=IF(F15=1, H15 - _xlfn.XLOOKUP(1, (J:J=J15)*(F:F=0), H:H), _xlfn.XLOOKUP(1, (J:J=J15)*(F:F=1), H:H) - H15 )} -> 0.00058788703 | L15: =IF(AND(F15=1, K15 > $N$2), 1, 0) -> 0 | M15: =IF(AND(F15=1, K15 < -$N$2), 1, 0) -> 0
A16: 1 | B16: 256 | C16: 0.0018 | D16: 1000 | E16: 192 | F16: 1 | G16: 0.99920211 | H16: 0.99645928 | I16: 0.89451035 | J16: =A16 & "_" & B16 & "_" & C16 & "_" & D16 & "_" & E16 -> 1_256_0.0018_1000_192 | K16: {=IF(F16=1, H16 - _xlfn.XLOOKUP(1, (J:J=J16)*(F:F=0), H:H), _xlfn.XLOOKUP(1, (J:J=J16)*(F:F=1), H:H) - H16 )} -> 0 | L16: =IF(AND(F16=1, K16 > $N$2), 1, 0) -> 0 | M16: =IF(AND(F16=1, K16 < -$N$2), 1, 0) -> 0 | O16: F1 Mean T Test p-value | Q16: Percent Improvement in AUC mean with BFW
A17: 1 | B17: 256 | C17: 0.0018 | D17: 1000 | E17: 192 | F17: 0 | G17: 0.99896486 | H17: 0.99645928 | I17: 0.85943136 | J17: =A17 & "_" & B17 & "_" & C17 & "_" & D17 & "_" & E17 -> 1_256_0.0018_1000_192 | K17: {=IF(F17=1, H17 - _xlfn.XLOOKUP(1, (J:J=J17)*(F:F=0), H:H), _xlfn.XLOOKUP(1, (J:J=J17)*(F:F=1), H:H) - H17 )} -> 0 | L17: =IF(AND(F17=1, K17 > $N$2), 1, 0) -> 0 | M17: =IF(AND(F17=1, K17 < -$N$2), 1, 0) -> 0 | O17: {=_xlfn.T.TEST(_xlfn._xlws.FILTER(H:H, F:F=1), _xlfn._xlws.FILTER(H:H, F:F=0), 2, 3)} -> 0.97735324 | Q17: =(S14)/Q14*100 -> 0.11073618
A18: 1 | B18: 256 | C18: 0.002 | D18: 1000 | E18: 192 | F18: 1 | G18: 0.99921604 | H18: 0.99646286 | I18: 0.85355816 | J18: =A18 & "_" & B18 & "_" & C18 & "_" & D18 & "_" & E18 -> 1_256_0.002_1000_192 | K18: {=IF(F18=1, H18 - _xlfn.XLOOKUP(1, (J:J=J18)*(F:F=0), H:H), _xlfn.XLOOKUP(1, (J:J=J18)*(F:F=1), H:H) - H18 )} -> 0.00051144303 | L18: =IF(AND(F18=1, K18 > $N$2), 1, 0) -> 0 | M18: =IF(AND(F18=1, K18 < -$N$2), 1, 0) -> 0
A19: 1 | B19: 256 | C19: 0.0025 | D19: 1000 | E19: 192 | F19: 1 | G19: 0.99883414 | H19: 0.99546142 | I19: 0.86128009 | J19: =A19 & "_" & B19 & "_" & C19 & "_" & D19 & "_" & E19 -> 1_256_0.0025_1000_192 | K19: {=IF(F19=1, H19 - _xlfn.XLOOKUP(1, (J:J=J19)*(F:F=0), H:H), _xlfn.XLOOKUP(1, (J:J=J19)*(F:F=1), H:H) - H19 )} -> -0.001005009 | L19: =IF(AND(F19=1, K19 > $N$2), 1, 0) -> 0 | M19: =IF(AND(F19=1, K19 < -$N$2), 1, 0) -> 0
A20: 1 | B20: 256 | C20: 0.0025 | D20: 1000 | E20: 192 | F20: 0 | G20: 0.99915018 | H20: 0.99646643 | I20: 0.82784415 | J20: =A20 & "_" & B20 & "_" & C20 & "_" & D20 & "_" & E20 -> 1_256_0.0025_1000_192 | K20: {=IF(F20=1, H20 - _xlfn.XLOOKUP(1, (J:J=J20)*(F:F=0), H:H), _xlfn.XLOOKUP(1, (J:J=J20)*(F:F=1), H:H) - H20 )} -> -0.001005009 | L20: =IF(AND(F20=1, K20 > $N$2), 1, 0) -> 0 | M20: =IF(AND(F20=1, K20 < -$N$2), 1, 0) -> 0 | O20: =O7 -> Average AUC with BFW | P20: =Q7 -> Average AUC without BFW | Q20: =S7 -> Difference in AUC mean with BFW - without BFW | R20: =O10 -> AUC Mean T Test p-value | S20: =Q10 -> Percent Improvement in AUC mean with BFW
A21: 1 | B21: 256 | C21: 0.002 | D21: 1000 | E21: 192 | F21: 0 | G21: 0.9985395 | H21: 0.99595142 | I21: 0.86550825 | J21: =A21 & "_" & B21 & "_" & C21 & "_" & D21 & "_" & E21 -> 1_256_0.002_1000_192 | K21: {=IF(F21=1, H21 - _xlfn.XLOOKUP(1, (J:J=J21)*(F:F=0), H:H), _xlfn.XLOOKUP(1, (J:J=J21)*(F:F=1), H:H) - H21 )} -> 0.00051144303 | L21: =IF(AND(F21=1, K21 > $N$2), 1, 0) -> 0 | M21: =IF(AND(F21=1, K21 < -$N$2), 1, 0) -> 0 | O21: =O8 -> 0.97779924 | P21: =Q8 -> 0.97712208 | Q21: =S8 -> 0.00067715854 | R21: =O11 -> 0.97296619 | S21: =Q11 -> 0.069301324
A22: 1 | B22: 256 | C22: 0.0018 | D22: 1000 | E22: 224 | F22: 1 | G22: 0.99916506 | H22: 0.99823217 | I22: 0.81755235 | J22: =A22 & "_" & B22 & "_" & C22 & "_" & D22 & "_" & E22 -> 1_256_0.0018_1000_224 | K22: {=IF(F22=1, H22 - _xlfn.XLOOKUP(1, (J:J=J22)*(F:F=0), H:H), _xlfn.XLOOKUP(1, (J:J=J22)*(F:F=1), H:H) - H22 )} -> 0 | L22: =IF(AND(F22=1, K22 > $N$2), 1, 0) -> 0 | M22: =IF(AND(F22=1, K22 < -$N$2), 1, 0) -> 0
A23: 1 | B23: 256 | C23: 0.0018 | D23: 1000 | E23: 224 | F23: 0 | G23: 0.99936549 | H23: 0.99823217 | I23: 0.82026834 | J23: =A23 & "_" & B23 & "_" & C23 & "_" & D23 & "_" & E23 -> 1_256_0.0018_1000_224 | K23: {=IF(F23=1, H23 - _xlfn.XLOOKUP(1, (J:J=J23)*(F:F=0), H:H), _xlfn.XLOOKUP(1, (J:J=J23)*(F:F=1), H:H) - H23 )} -> 0 | L23: =IF(AND(F23=1, K23 > $N$2), 1, 0) -> 0 | M23: =IF(AND(F23=1, K23 < -$N$2), 1, 0) -> 0
A24: 1 | B24: 256 | C24: 0.002 | D24: 1000 | E24: 224 | F24: 1 | G24: 0.99951828 | H24: 0.99764429 | I24: 0.82929294 | J24: =A24 & "_" & B24 & "_" & C24 & "_" & D24 & "_" & E24 -> 1_256_0.002_1000_224 | K24: {=IF(F24=1, H24 - _xlfn.XLOOKUP(1, (J:J=J24)*(F:F=0), H:H), _xlfn.XLOOKUP(1, (J:J=J24)*(F:F=1), H:H) - H24 )} -> -0.00058788703 | L24: =IF(AND(F24=1, K24 > $N$2), 1, 0) -> 0 | M24: =IF(AND(F24=1, K24 < -$N$2), 1, 0) -> 0
A25: 1 | B25: 256 | C25: 0.0025 | D25: 1000 | E25: 224 | F25: 1 | G25: 0.99938445 | H25: 0.99764151 | I25: 0.85271399 | J25: =A25 & "_" & B25 & "_" & C25 & "_" & D25 & "_" & E25 -> 1_256_0.0025_1000_224 | K25: {=IF(F25=1, H25 - _xlfn.XLOOKUP(1, (J:J=J25)*(F:F=0), H:H), _xlfn.XLOOKUP(1, (J:J=J25)*(F:F=1), H:H) - H25 )} -> -0.00059066499 | L25: =IF(AND(F25=1, K25 > $N$2), 1, 0) -> 0 | M25: =IF(AND(F25=1, K25 < -$N$2), 1, 0) -> 0
A26: 1 | B26: 256 | C26: 0.0025 | D26: 1000 | E26: 224 | F26: 0 | G26: 0.9994544 | H26: 0.99823217 | I26: 0.81984087 | J26: =A26 & "_" & B26 & "_" & C26 & "_" & D26 & "_" & E26 -> 1_256_0.0025_1000_224 | K26: {=IF(F26=1, H26 - _xlfn.XLOOKUP(1, (J:J=J26)*(F:F=0), H:H), _xlfn.XLOOKUP(1, (J:J=J26)*(F:F=1), H:H) - H26 )} -> -0.00059066499 | L26: =IF(AND(F26=1, K26 > $N$2), 1, 0) -> 0 | M26: =IF(AND(F26=1, K26 < -$N$2), 1, 0) -> 0 | O26: =O13 -> Average F1 with BFW | P26: =Q13 -> Average F1 without BFW | Q26: =S13 -> Difference in F1 mean with BFW - without BFW | R26: =O16 -> F1 Mean T Test p-value | S26: =Q16 -> Percent Improvement in AUC mean with BFW
A27: 1 | B27: 256 | C27: 0.002 | D27: 1000 | E27: 224 | F27: 0 | G27: 0.9993579 | H27: 0.99823217 | I27: 0.8116248 | J27: =A27 & "_" & B27 & "_" & C27 & "_" & D27 & "_" & E27 -> 1_256_0.002_1000_224 | K27: {=IF(F27=1, H27 - _xlfn.XLOOKUP(1, (J:J=J27)*(F:F=0), H:H), _xlfn.XLOOKUP(1, (J:J=J27)*(F:F=1), H:H) - H27 )} -> -0.00058788703 | L27: =IF(AND(F27=1, K27 > $N$2), 1, 0) -> 0 | M27: =IF(AND(F27=1, K27 < -$N$2), 1, 0) -> 0 | O27: =O14 -> 0.94583645 | P27: =Q14 -> 0.94479022 | Q27: =S14 -> 0.0010462246 | R27: =O17 -> 0.97735324 | S27: =Q17 -> 0.11073618
A28: 1 | B28: 512 | C28: 0.0005 | D28: 1000 | E28: 64 | F28: 1 | G28: 0.9966217 | H28: 0.93886967 | I28: 0.63757201 | J28: =A28 & "_" & B28 & "_" & C28 & "_" & D28 & "_" & E28 -> 1_512_0.0005_1000_64 | K28: {=IF(F28=1, H28 - _xlfn.XLOOKUP(1, (J:J=J28)*(F:F=0), H:H), _xlfn.XLOOKUP(1, (J:J=J28)*(F:F=1), H:H) - H28 )} -> 0.001308371 | L28: =IF(AND(F28=1, K28 > $N$2), 1, 0) -> 0 | M28: =IF(AND(F28=1, K28 < -$N$2), 1, 0) -> 0
A29: 1 | B29: 512 | C29: 0.0005 | D29: 1000 | E29: 64 | F29: 0 | G29: 0.99659073 | H29: 0.93756129 | I29: 0.61312009 | J29: =A29 & "_" & B29 & "_" & C29 & "_" & D29 & "_" & E29 -> 1_512_0.0005_1000_64 | K29: {=IF(F29=1, H29 - _xlfn.XLOOKUP(1, (J:J=J29)*(F:F=0), H:H), _xlfn.XLOOKUP(1, (J:J=J29)*(F:F=1), H:H) - H29 )} -> 0.001308371 | L29: =IF(AND(F29=1, K29 > $N$2), 1, 0) -> 0 | M29: =IF(AND(F29=1, K29 < -$N$2), 1, 0) -> 0
A30: 1 | B30: 512 | C30: 0.0005 | D30: 200 | E30: 64 | F30: 1 | G30: 0.99627957 | H30: 0.93710178 | I30: 0.73088771 | J30: =A30 & "_" & B30 & "_" & C30 & "_" & D30 & "_" & E30 -> 1_512_0.0005_200_64 | K30: {=IF(F30=1, H30 - _xlfn.XLOOKUP(1, (J:J=J30)*(F:F=0), H:H), _xlfn.XLOOKUP(1, (J:J=J30)*(F:F=1), H:H) - H30 )} -> -0.0032410011 | L30: =IF(AND(F30=1, K30 > $N$2), 1, 0) -> 0 | M30: =IF(AND(F30=1, K30 < -$N$2), 1, 0) -> 1
A31: 1 | B31: 512 | C31: 0.0005 | D31: 200 | E31: 64 | F31: 0 | G31: 0.99670195 | H31: 0.94034278 | I31: 0.63325219 | J31: =A31 & "_" & B31 & "_" & C31 & "_" & D31 & "_" & E31 -> 1_512_0.0005_200_64 | K31: {=IF(F31=1, H31 - _xlfn.XLOOKUP(1, (J:J=J31)*(F:F=0), H:H), _xlfn.XLOOKUP(1, (J:J=J31)*(F:F=1), H:H) - H31 )} -> -0.0032410011 | L31: =IF(AND(F31=1, K31 > $N$2), 1, 0) -> 0 | M31: =IF(AND(F31=1, K31 < -$N$2), 1, 0) -> 0
A32: 1 | B32: 512 | C32: 0.0005 | D32: 1000 | E32: 96 | F32: 1 | G32: 0.99881857 | H32: 0.96684384 | I32: 0.79357818 | J32: =A32 & "_" & B32 & "_" & C32 & "_" & D32 & "_" & E32 -> 1_512_0.0005_1000_96 | K32: {=IF(F32=1, H32 - _xlfn.XLOOKUP(1, (J:J=J32)*(F:F=0), H:H), _xlfn.XLOOKUP(1, (J:J=J32)*(F:F=1), H:H) - H32 )} -> 0.0057078131 | L32: =IF(AND(F32=1, K32 > $N$2), 1, 0) -> 1 | M32: =IF(AND(F32=1, K32 < -$N$2), 1, 0) -> 0
A33: 1 | B33: 512 | C33: 0.0005 | D33: 1000 | E33: 96 | F33: 0 | G33: 0.99860266 | H33: 0.96113602 | I33: 0.74556677 | J33: =A33 & "_" & B33 & "_" & C33 & "_" & D33 & "_" & E33 -> 1_512_0.0005_1000_96 | K33: {=IF(F33=1, H33 - _xlfn.XLOOKUP(1, (J:J=J33)*(F:F=0), H:H), _xlfn.XLOOKUP(1, (J:J=J33)*(F:F=1), H:H) - H33 )} -> 0.0057078131 | L33: =IF(AND(F33=1, K33 > $N$2), 1, 0) -> 0 | M33: =IF(AND(F33=1, K33 < -$N$2), 1, 0) -> 0
A34: 1 | B34: 512 | C34: 0.0005 | D34: 1000 | E34: 128 | F34: 1 | G34: 0.99938154 | H34: 0.97938493 | I34: 0.9361147 | J34: =A34 & "_" & B34 & "_" & C34 & "_" & D34 & "_" & E34 -> 1_512_0.0005_1000_128 | K34: {=IF(F34=1, H34 - _xlfn.XLOOKUP(1, (J:J=J34)*(F:F=0), H:H), _xlfn.XLOOKUP(1, (J:J=J34)*(F:F=1), H:H) - H34 )} -> -0.011502687 | L34: =IF(AND(F34=1, K34 > $N$2), 1, 0) -> 0 | M34: =IF(AND(F34=1, K34 < -$N$2), 1, 0) -> 1
A35: 1 | B35: 512 | C35: 0.0005 | D35: 1000 | E35: 128 | F35: 0 | G35: 0.99966169 | H35: 0.99088761 | I35: 0.82213952 | J35: =A35 & "_" & B35 & "_" & C35 & "_" & D35 & "_" & E35 -> 1_512_0.0005_1000_128 | K35: {=IF(F35=1, H35 - _xlfn.XLOOKUP(1, (J:J=J35)*(F:F=0), H:H), _xlfn.XLOOKUP(1, (J:J=J35)*(F:F=1), H:H) - H35 )} -> -0.011502687 | L35: =IF(AND(F35=1, K35 > $N$2), 1, 0) -> 0 | M35: =IF(AND(F35=1, K35 < -$N$2), 1, 0) -> 0
A36: 1 | B36: 512 | C36: 0.0005 | D36: 200 | E36: 128 | F36: 1 | G36: 0.99928615 | H36: 0.97487437 | I36: 0.8997382 | J36: =A36 & "_" & B36 & "_" & C36 & "_" & D36 & "_" & E36 -> 1_512_0.0005_200_128 | K36: {=IF(F36=1, H36 - _xlfn.XLOOKUP(1, (J:J=J36)*(F:F=0), H:H), _xlfn.XLOOKUP(1, (J:J=J36)*(F:F=1), H:H) - H36 )} -> -0.01227911 | L36: =IF(AND(F36=1, K36 > $N$2), 1, 0) -> 0 | M36: =IF(AND(F36=1, K36 < -$N$2), 1, 0) -> 1
A37: 1 | B37: 512 | C37: 0.0005 | D37: 200 | E37: 128 | F37: 0 | G37: 0.99949695 | H37: 0.98715348 | I37: 0.82418276 | J37: =A37 & "_" & B37 & "_" & C37 & "_" & D37 & "_" & E37 -> 1_512_0.0005_200_128 | K37: {=IF(F37=1, H37 - _xlfn.XLOOKUP(1, (J:J=J37)*(F:F=0), H:H), _xlfn.XLOOKUP(1, (J:J=J37)*(F:F=1), H:H) - H37 )} -> -0.01227911 | L37: =IF(AND(F37=1, K37 > $N$2), 1, 0) -> 0 | M37: =IF(AND(F37=1, K37 < -$N$2), 1, 0) -> 0
A38: 1 | B38: 512 | C38: 0.0005 | D38: 1000 | E38: 160 | F38: 1 | G38: 0.99956081 | H38: 0.98816568 | I38: 0.9561845 | J38: =A38 & "_" & B38 & "_" & C38 & "_" & D38 & "_" & E38 -> 1_512_0.0005_1000_160 | K38: {=IF(F38=1, H38 - _xlfn.XLOOKUP(1, (J:J=J38)*(F:F=0), H:H), _xlfn.XLOOKUP(1, (J:J=J38)*(F:F=1), H:H) - H38 )} -> -0.0051229101 | L38: =IF(AND(F38=1, K38 > $N$2), 1, 0) -> 0 | M38: =IF(AND(F38=1, K38 < -$N$2), 1, 0) -> 1
A39: 1 | B39: 512 | C39: 0.0005 | D39: 1000 | E39: 160 | F39: 0 | G39: 0.99944927 | H39: 0.99328859 | I39: 0.78794408 | J39: =A39 & "_" & B39 & "_" & C39 & "_" & D39 & "_" & E39 -> 1_512_0.0005_1000_160 | K39: {=IF(F39=1, H39 - _xlfn.XLOOKUP(1, (J:J=J39)*(F:F=0), H:H), _xlfn.XLOOKUP(1, (J:J=J39)*(F:F=1), H:H) - H39 )} -> -0.0051229101 | L39: =IF(AND(F39=1, K39 > $N$2), 1, 0) -> 0 | M39: =IF(AND(F39=1, K39 < -$N$2), 1, 0) -> 0
... A69: 1 | B69: 512 | C69: 0.0005 | D69: 200 | E69: 32 | F69: 0 | G69: 0.97902045 | H69: 0.84915836 | I69: 0.4031467 | J69: =A69 & "_" & B69 & "_" & C69 & "_" & D69 & "_" & E69 -> 1_512_0.0005_200_32 | K69: {=IF(F69=1, H69 - _xlfn.XLOOKUP(1, (J:J=J69)*(F:F=0), H:H), _xlfn.XLOOKUP(1, (J:J=J69)*(F:F=1), H:H) - H69 )} -> 0.016278337 | L69: =IF(AND(F69=1, K69 > $N$2), 1, 0) -> 0 | M69: =IF(AND(F69=1, K69 < -$N$2), 1, 0) -> 0
L70: =SUM(L2:L69) -> 3 | M70: =SUM(M2:M69) -> 10 | N70: =68-L70-M70 -> 55

Sheet gear
A1: feature extraction | B1: batch size | C1: learning rate | D1: epochs | E1: msg per input | F1: bfw | G1: auc | H1: max f1 | I1: max f1 threshhold | J1: config ID | K1: Tie Threshold | L1: Wins | M1: Loss | O1: Best AUC
A2: 1 | B2: 1024 | C2: 0.0018 | D2: 1000 | E2: 192 | F2: 1 | G2: 0.69599376 | H2: 0.072558858 | I2: 0.37518213 | J2: =A2 & "_" & B2 & "_" & C2 & "_" & D2 & "_" & E2 -> 1_1024_0.0018_1000_192 | K2: {=IF(F2=1, H2 - _xlfn.XLOOKUP(1, (J:J=J2)*(F:F=0), H:H), _xlfn.XLOOKUP(1, (J:J=J2)*(F:F=1), H:H) - H2 )} -> 0.0049128036 | L2: =IF(AND(F2=1, K2 > $N$2), 1, 0) -> 1 | M2: =IF(AND(F2=1, K2 < -$N$2), 1, 0) -> 0 | N2: 0.002 | O2: feature extraction | P2: batch size | Q2: learning rate | R2: epochs | S2: msg per input | T2: bfw | U2: auc | V2: max f1 | W2: max f1 threshhold | X2: config ID | Y2: Tie Threshold
A3: 1 | B3: 1024 | C3: 0.0018 | D3: 1000 | E3: 192 | F3: 1 | G3: 0.69816468 | H3: 0.07310504 | I3: 0.37462275 | J3: =A3 & "_" & B3 & "_" & C3 & "_" & D3 & "_" & E3 -> 1_1024_0.0018_1000_192 | K3: {=IF(F3=1, H3 - _xlfn.XLOOKUP(1, (J:J=J3)*(F:F=0), H:H), _xlfn.XLOOKUP(1, (J:J=J3)*(F:F=1), H:H) - H3 )} -> 0.0054589864 | L3: =IF(AND(F3=1, K3 > $N$2), 1, 0) -> 1 | M3: =IF(AND(F3=1, K3 < -$N$2), 1, 0) -> 0 | O3: {=_xlfn.XLOOKUP(MAX(G:G), G:G, A:A:K:K)} -> 1 | P3: 512 | Q3: 0.002 | R3: 1000 | S3: 256 | T3: 1 | U3: 0.90093119 | V3: 0.21580928 | W3: 0.54480591 | X3: 1_512_0.002_1000_256 | Y3: 0.046099296
A4: 1 | B4: 1024 | C4: 0.0018 | D4: 1000 | E4: 192 | F4: 1 | G4: 0.69927482 | H4: 0.074016962 | I4: 0.37491681 | J4: =A4 & "_" & B4 & "_" & C4 & "_" & D4 & "_" & E4 -> 1_1024_0.0018_1000_192 | K4: {=IF(F4=1, H4 - _xlfn.XLOOKUP(1, (J:J=J4)*(F:F=0), H:H), _xlfn.XLOOKUP(1, (J:J=J4)*(F:F=1), H:H) - H4 )} -> 0.0063709082 | L4: =IF(AND(F4=1, K4 > $N$2), 1, 0) -> 1 | M4: =IF(AND(F4=1, K4 < -$N$2), 1, 0) -> 0 | O4: Best F1
A5: 1 | B5: 1024 | C5: 0.0018 | D5: 1000 | E5: 192 | F5: 0 | G5: 0.68029847 | H5: 0.067646054 | I5: 0.35427338 | J5: =A5 & "_" & B5 & "_" & C5 & "_" & D5 & "_" & E5 -> 1_1024_0.0018_1000_192 | K5: {=IF(F5=1, H5 - _xlfn.XLOOKUP(1, (J:J=J5)*(F:F=0), H:H), _xlfn.XLOOKUP(1, (J:J=J5)*(F:F=1), H:H) - H5 )} -> 0.0049128036 | L5: =IF(AND(F5=1, K5 > $N$2), 1, 0) -> 0 | M5: =IF(AND(F5=1, K5 < -$N$2), 1, 0) -> 0 | O5: {=_xlfn.XLOOKUP(MAX(H:H), H:H, A:A:K:K)} -> 1 | P5: 512 | Q5: 0.002 | R5: 1000 | S5: 256 | T5: 1 | U5: 0.90093119 | V5: 0.21580928 | W5: 0.54480591 | X5: 1_512_0.002_1000_256 | Y5: 0.046099296
A6: 1 | B6: 1024 | C6: 0.002 | D6: 1000 | E6: 192 | F6: 1 | G6: 0.74381815 | H6: 0.085924251 | I6: 0.4375095 | J6: =A6 & "_" & B6 & "_" & C6 & "_" & D6 & "_" & E6 -> 1_1024_0.002_1000_192 | K6: {=IF(F6=1, H6 - _xlfn.XLOOKUP(1, (J:J=J6)*(F:F=0), H:H), _xlfn.XLOOKUP(1, (J:J=J6)*(F:F=1), H:H) - H6 )} -> 0.012973431 | L6: =IF(AND(F6=1, K6 > $N$2), 1, 0) -> 1 | M6: =IF(AND(F6=1, K6 < -$N$2), 1, 0) -> 0
A7: 1 | B7: 1024 | C7: 0.0025 | D7: 1000 | E7: 192 | F7: 1 | G7: 0.73326622 | H7: 0.085054678 | I7: 0.44346038 | J7: =A7 & "_" & B7 & "_" & C7 & "_" & D7 & "_" & E7 -> 1_1024_0.0025_1000_192 | K7: {=IF(F7=1, H7 - _xlfn.XLOOKUP(1, (J:J=J7)*(F:F=0), H:H), _xlfn.XLOOKUP(1, (J:J=J7)*(F:F=1), H:H) - H7 )} -> 0.010475324 | L7: =IF(AND(F7=1, K7 > $N$2), 1, 0) -> 1 | M7: =IF(AND(F7=1, K7 < -$N$2), 1, 0) -> 0 | O7: Average AUC with BFW | Q7: Average AUC without BFW | S7: Difference in AUC mean with BFW - without BFW
A8: 1 | B8: 1024 | C8: 0.0025 | D8: 1000 | E8: 192 | F8: 0 | G8: 0.69357371 | H8: 0.074579354 | I8: 0.38694177 | J8: =A8 & "_" & B8 & "_" & C8 & "_" & D8 & "_" & E8 -> 1_1024_0.0025_1000_192 | K8: {=IF(F8=1, H8 - _xlfn.XLOOKUP(1, (J:J=J8)*(F:F=0), H:H), _xlfn.XLOOKUP(1, (J:J=J8)*(F:F=1), H:H) - H8 )} -> 0.010475324 | L8: =IF(AND(F8=1, K8 > $N$2), 1, 0) -> 0 | M8: =IF(AND(F8=1, K8 < -$N$2), 1, 0) -> 0 | O8: =AVERAGEIF(F:F, 1, G:G) -> 0.6835091 | Q8: =AVERAGEIF(F:F, 0, G:G) -> 0.65728403 | S8: =O8-Q8 -> 0.026225065
A9: 1 | B9: 1024 | C9: 0.002 | D9: 1000 | E9: 192 | F9: 0 | G9: 0.69336143 | H9: 0.07295082 | I9: 0.37300756 | J9: =A9 & "_" & B9 & "_" & C9 & "_" & D9 & "_" & E9 -> 1_1024_0.002_1000_192 | K9: {=IF(F9=1, H9 - _xlfn.XLOOKUP(1, (J:J=J9)*(F:F=0), H:H), _xlfn.XLOOKUP(1, (J:J=J9)*(F:F=1), H:H) - H9 )} -> 0.012973431 | L9: =IF(AND(F9=1, K9 > $N$2), 1, 0) -> 0 | M9: =IF(AND(F9=1, K9 < -$N$2), 1, 0) -> 0
A10: 1 | B10: 1024 | C10: 0.0018 | D10: 1000 | E10: 224 | F10: 1 | G10: 0.78122481 | H10: 0.10614996 | I10: 0.48592243 | J10: =A10 & "_" & B10 & "_" & C10 & "_" & D10 & "_" & E10 -> 1_1024_0.0018_1000_224 | K10: {=IF(F10=1, H10 - _xlfn.XLOOKUP(1, (J:J=J10)*(F:F=0), H:H), _xlfn.XLOOKUP(1, (J:J=J10)*(F:F=1), H:H) - H10 )} -> 0.02198373 | L10: =IF(AND(F10=1, K10 > $N$2), 1, 0) -> 1 | M10: =IF(AND(F10=1, K10 < -$N$2), 1, 0) -> 0 | O10: AUC Mean T Test p-value | Q10: Percent Improvement in AUC mean with BFW
A11: 1 | B11: 1024 | C11: 0.0018 | D11: 1000 | E11: 224 | F11: 0 | G11: 0.73274851 | H11: 0.084166228 | I11: 0.39564 | J11: =A11 & "_" & B11 & "_" & C11 & "_" & D11 & "_" & E11 -> 1_1024_0.0018_1000_224 | K11: {=IF(F11=1, H11 - _xlfn.XLOOKUP(1, (J:J=J11)*(F:F=0), H:H), _xlfn.XLOOKUP(1, (J:J=J11)*(F:F=1), H:H) - H11 )} -> 0.02198373 | L11: =IF(AND(F11=1, K11 > $N$2), 1, 0) -> 0 | M11: =IF(AND(F11=1, K11 < -$N$2), 1, 0) -> 0 | O11: {=_xlfn.T.TEST(_xlfn._xlws.FILTER(G:G, F:F=1), _xlfn._xlws.FILTER(G:G, F:F=0), 2, 3)} -> 0.47752617 | Q11: =(S8)/Q8*100 -> 3.9899136
A12: 1 | B12: 1024 | C12: 0.002 | D12: 1000 | E12: 224 | F12: 1 | G12: 0.7531559 | H12: 0.091286307 | I12: 0.50592916 | J12: =A12 & "_" & B12 & "_" & C12 & "_" & D12 & "_" & E12 -> 1_1024_0.002_1000_224 | K12: {=IF(F12=1, H12 - _xlfn.XLOOKUP(1, (J:J=J12)*(F:F=0), H:H), _xlfn.XLOOKUP(1, (J:J=J12)*(F:F=1), H:H) - H12 )} -> 0.0049041932 | L12: =IF(AND(F12=1, K12 > $N$2), 1, 0) -> 1 | M12: =IF(AND(F12=1, K12 < -$N$2), 1, 0) -> 0
A13: 1 | B13: 1024 | C13: 0.0025 | D13: 1000 | E13: 224 | F13: 1 | G13: 0.7705928 | H13: 0.095354523 | I13: 0.4172699 | J13: =A13 & "_" & B13 & "_" & C13 & "_" & D13 & "_" & E13 -> 1_1024_0.0025_1000_224 | K13: {=IF(F13=1, H13 - _xlfn.XLOOKUP(1, (J:J=J13)*(F:F=0), H:H), _xlfn.XLOOKUP(1, (J:J=J13)*(F:F=1), H:H) - H13 )} -> 0.01202119 | L13: =IF(AND(F13=1, K13 > $N$2), 1, 0) -> 1 | M13: =IF(AND(F13=1, K13 < -$N$2), 1, 0) -> 0 | O13: Average F1 with BFW | Q13: Average F1 without BFW | S13: Difference in F1 mean with BFW - without BFW
A14: 1 | B14: 1024 | C14: 0.0025 | D14: 1000 | E14: 224 | F14: 0 | G14: 0.74771763 | H14: 0.083333333 | I14: 0.3917455 | J14: =A14 & "_" & B14 & "_" & C14 & "_" & D14 & "_" & E14 -> 1_1024_0.0025_1000_224 | K14: {=IF(F14=1, H14 - _xlfn.XLOOKUP(1, (J:J=J14)*(F:F=0), H:H), _xlfn.XLOOKUP(1, (J:J=J14)*(F:F=1), H:H) - H14 )} -> 0.01202119 | L14: =IF(AND(F14=1, K14 > $N$2), 1, 0) -> 0 | M14: =IF(AND(F14=1, K14 < -$N$2), 1, 0) -> 0 | O14: =AVERAGEIF(F:F, 1, H:H) -> 0.086892499 | Q14: =AVERAGEIF(F:F, 0, H:H) -> 0.078125988 | S14: =O14-Q14 -> 0.0087665107
A15: 1 | B15: 1024 | C15: 0.002 | D15: 1000 | E15: 224 | F15: 0 | G15: 0.75678356 | H15: 0.086382114 | I15: 0.39055299 | J15: =A15 & "_" & B15 & "_" & C15 & "_" & D15 & "_" & E15 -> 1_1024_0.002_1000_224 | K15: {=IF(F15=1, H15 - _xlfn.XLOOKUP(1, (J:J=J15)*(F:F=0), H:H), _xlfn.XLOOKUP(1, (J:J=J15)*(F:F=1), H:H) - H15 )} -> 0.0049041932 | L15: =IF(AND(F15=1, K15 > $N$2), 1, 0) -> 0 | M15: =IF(AND(F15=1, K15 < -$N$2), 1, 0) -> 0
A16: 1 | B16: 256 | C16: 0.0018 | D16: 1000 | E16: 192 | F16: 1 | G16: 0.73776384 | H16: 0.083022885 | I16: 0.40826481 | J16: =A16 & "_" & B16 & "_" & C16 & "_" & D16 & "_" & E16 -> 1_256_0.0018_1000_192 | K16: {=IF(F16=1, H16 - _xlfn.XLOOKUP(1, (J:J=J16)*(F:F=0), H:H), _xlfn.XLOOKUP(1, (J:J=J16)*(F:F=1), H:H) - H16 )} -> 0.0148504 | L16: =IF(AND(F16=1, K16 > $N$2), 1, 0) -> 1 | M16: =IF(AND(F16=1, K16 < -$N$2), 1, 0) -> 0 | O16: F1 Mean T Test p-value | Q16: Percent Improvement in AUC mean with BFW
A17: 1 | B17: 256 | C17: 0.0018 | D17: 1000 | E17: 192 | F17: 0 | G17: 0.66927799 | H17: 0.068172485 | I17: 0.37218586 | J17: =A17 & "_" & B17 & "_" & C17 & "_" & D17 & "_" & E17 -> 1_256_0.0018_1000_192 | K17: {=IF(F17=1, H17 - _xlfn.XLOOKUP(1, (J:J=J17)*(F:F=0), H:H), _xlfn.XLOOKUP(1, (J:J=J17)*(F:F=1), H:H) - H17 )} -> 0.0148504 | L17: =IF(AND(F17=1, K17 > $N$2), 1, 0) -> 0 | M17: =IF(AND(F17=1, K17 < -$N$2), 1, 0) -> 0 | O17: {=_xlfn.T.TEST(_xlfn._xlws.FILTER(H:H, F:F=1), _xlfn._xlws.FILTER(H:H, F:F=0), 2, 3)} -> 0.37861893 | Q17: =(S14)/Q14*100 -> 11.220992
A18: 1 | B18: 256 | C18: 0.002 | D18: 1000 | E18: 192 | F18: 1 | G18: 0.74580831 | H18: 0.08822232 | I18: 0.38329915 | J18: =A18 & "_" & B18 & "_" & C18 & "_" & D18 & "_" & E18 -> 1_256_0.002_1000_192 | K18: {=IF(F18=1, H18 - _xlfn.XLOOKUP(1, (J:J=J18)*(F:F=0), H:H), _xlfn.XLOOKUP(1, (J:J=J18)*(F:F=1), H:H) - H18 )} -> 0.011984696 | L18: =IF(AND(F18=1, K18 > $N$2), 1, 0) -> 1 | M18: =IF(AND(F18=1, K18 < -$N$2), 1, 0) -> 0
A19: 1 | B19: 256 | C19: 0.0025 | D19: 1000 | E19: 192 | F19: 1 | G19: 0.7006662 | H19: 0.080117245 | I19: 0.39639876 | J19: =A19 & "_" & B19 & "_" & C19 & "_" & D19 & "_" & E19 -> 1_256_0.0025_1000_192 | K19: {=IF(F19=1, H19 - _xlfn.XLOOKUP(1, (J:J=J19)*(F:F=0), H:H), _xlfn.XLOOKUP(1, (J:J=J19)*(F:F=1), H:H) - H19 )} -> 0.0075783846 | L19: =IF(AND(F19=1, K19 > $N$2), 1, 0) -> 1 | M19: =IF(AND(F19=1, K19 < -$N$2), 1, 0) -> 0
A20: 1 | B20: 256 | C20: 0.0025 | D20: 1000 | E20: 192 | F20: 0 | G20: 0.67958672 | H20: 0.07253886 | I20: 0.38945758 | J20: =A20 & "_" & B20 & "_" & C20 & "_" & D20 & "_" & E20 -> 1_256_0.0025_1000_192 | K20: {=IF(F20=1, H20 - _xlfn.XLOOKUP(1, (J:J=J20)*(F:F=0), H:H), _xlfn.XLOOKUP(1, (J:J=J20)*(F:F=1), H:H) - H20 )} -> 0.0075783846 | L20: =IF(AND(F20=1, K20 > $N$2), 1, 0) -> 0 | M20: =IF(AND(F20=1, K20 < -$N$2), 1, 0) -> 0 | O20: =O7 -> Average AUC with BFW | P20: =Q7 -> Average AUC without BFW | Q20: =S7 -> Difference in AUC mean with BFW - without BFW | R20: =O10 -> AUC Mean T Test p-value | S20: =Q10 -> Percent Improvement in AUC mean with BFW
A21: 1 | B21: 256 | C21: 0.002 | D21: 1000 | E21: 192 | F21: 0 | G21: 0.70090999 | H21: 0.076237624 | I21: 0.39699682 | J21: =A21 & "_" & B21 & "_" & C21 & "_" & D21 & "_" & E21 -> 1_256_0.002_1000_192 | K21: {=IF(F21=1, H21 - _xlfn.XLOOKUP(1, (J:J=J21)*(F:F=0), H:H), _xlfn.XLOOKUP(1, (J:J=J21)*(F:F=1), H:H) - H21 )} -> 0.011984696 | L21: =IF(AND(F21=1, K21 > $N$2), 1, 0) -> 0 | M21: =IF(AND(F21=1, K21 < -$N$2), 1, 0) -> 0 | O21: =O8 -> 0.6835091 | P21: =Q8 -> 0.65728403 | Q21: =S8 -> 0.026225065 | R21: =O11 -> 0.47752617 | S21: =Q11 -> 3.9899136
A22: 1 | B22: 256 | C22: 0.0018 | D22: 1000 | E22: 224 | F22: 1 | G22: 0.76708981 | H22: 0.093283582 | I22: 0.41317513 | J22: =A22 & "_" & B22 & "_" & C22 & "_" & D22 & "_" & E22 -> 1_256_0.0018_1000_224 | K22: {=IF(F22=1, H22 - _xlfn.XLOOKUP(1, (J:J=J22)*(F:F=0), H:H), _xlfn.XLOOKUP(1, (J:J=J22)*(F:F=1), H:H) - H22 )} -> 0.0081542717 | L22: =IF(AND(F22=1, K22 > $N$2), 1, 0) -> 1 | M22: =IF(AND(F22=1, K22 < -$N$2), 1, 0) -> 0
A23: 1 | B23: 256 | C23: 0.0018 | D23: 1000 | E23: 224 | F23: 0 | G23: 0.75271592 | H23: 0.08512931 | I23: 0.39651076 | J23: =A23 & "_" & B23 & "_" & C23 & "_" & D23 & "_" & E23 -> 1_256_0.0018_1000_224 | K23: {=IF(F23=1, H23 - _xlfn.XLOOKUP(1, (J:J=J23)*(F:F=0), H:H), _xlfn.XLOOKUP(1, (J:J=J23)*(F:F=1), H:H) - H23 )} -> 0.0081542717 | L23: =IF(AND(F23=1, K23 > $N$2), 1, 0) -> 0 | M23: =IF(AND(F23=1, K23 < -$N$2), 1, 0) -> 0
A24: 1 | B24: 256 | C24: 0.002 | D24: 1000 | E24: 224 | F24: 1 | G24: 0.77732046 | H24: 0.095901005 | I24: 0.44398627 | J24: =A24 & "_" & B24 & "_" & C24 & "_" & D24 & "_" & E24 -> 1_256_0.002_1000_224 | K24: {=IF(F24=1, H24 - _xlfn.XLOOKUP(1, (J:J=J24)*(F:F=0), H:H), _xlfn.XLOOKUP(1, (J:J=J24)*(F:F=1), H:H) - H24 )} -> 0.0076969672 | L24: =IF(AND(F24=1, K24 > $N$2), 1, 0) -> 1 | M24: =IF(AND(F24=1, K24 < -$N$2), 1, 0) -> 0
A25: 1 | B25: 256 | C25: 0.0025 | D25: 1000 | E25: 224 | F25: 1 | G25: 0.75747611 | H25: 0.088281661 | I25: 0.39318868 | J25: =A25 & "_" & B25 & "_" & C25 & "_" & D25 & "_" & E25 -> 1_256_0.0025_1000_224 | K25: {=IF(F25=1, H25 - _xlfn.XLOOKUP(1, (J:J=J25)*(F:F=0), H:H), _xlfn.XLOOKUP(1, (J:J=J25)*(F:F=1), H:H) - H25 )} -> 0.0040820763 | L25: =IF(AND(F25=1, K25 > $N$2), 1, 0) -> 1 | M25: =IF(AND(F25=1, K25 < -$N$2), 1, 0) -> 0
A26: 1 | B26: 256 | C26: 0.0025 | D26: 1000 | E26: 224 | F26: 0 | G26: 0.73854392 | H26: 0.084199584 | I26: 0.39258765 | J26: =A26 & "_" & B26 & "_" & C26 & "_" & D26 & "_" & E26 -> 1_256_0.0025_1000_224 | K26: {=IF(F26=1, H26 - _xlfn.XLOOKUP(1, (J:J=J26)*(F:F=0), H:H), _xlfn.XLOOKUP(1, (J:J=J26)*(F:F=1), H:H) - H26 )} -> 0.0040820763 | L26: =IF(AND(F26=1, K26 > $N$2), 1, 0) -> 0 | M26: =IF(AND(F26=1, K26 < -$N$2), 1, 0) -> 0 | O26: =O13 -> Average F1 with BFW | P26: =Q13 -> Average F1 without BFW | Q26: =S13 -> Difference in F1 mean with BFW - without BFW | R26: =O16 -> F1 Mean T Test p-value | S26: =Q16 -> Percent Improvement in AUC mean with BFW
A27: 1 | B27: 256 | C27: 0.002 | D27: 1000 | E27: 224 | F27: 0 | G27: 0.75490056 | H27: 0.088204038 | I27: 0.39390235 | J27: =A27 & "_" & B27 & "_" & C27 & "_" & D27 & "_" & E27 -> 1_256_0.002_1000_224 | K27: {=IF(F27=1, H27 - _xlfn.XLOOKUP(1, (J:J=J27)*(F:F=0), H:H), _xlfn.XLOOKUP(1, (J:J=J27)*(F:F=1), H:H) - H27 )} -> 0.0076969672 | L27: =IF(AND(F27=1, K27 > $N$2), 1, 0) -> 0 | M27: =IF(AND(F27=1, K27 < -$N$2), 1, 0) -> 0 | O27: =O14 -> 0.086892499 | P27: =Q14 -> 0.078125988 | Q27: =S14 -> 0.0087665107 | R27: =O17 -> 0.37861893 | S27: =Q17 -> 11.220992
A28: 1 | B28: 512 | C28: 0.0005 | D28: 1000 | E28: 64 | F28: 1 | G28: 0.36982121 | H28: 0.038924098 | I28: 0.093639478 | J28: =A28 & "_" & B28 & "_" & C28 & "_" & D28 & "_" & E28 -> 1_512_0.0005_1000_64 | K28: {=IF(F28=1, H28 - _xlfn.XLOOKUP(1, (J:J=J28)*(F:F=0), H:H), _xlfn.XLOOKUP(1, (J:J=J28)*(F:F=1), H:H) - H28 )} -> 0 | L28: =IF(AND(F28=1, K28 > $N$2), 1, 0) -> 0 | M28: =IF(AND(F28=1, K28 < -$N$2), 1, 0) -> 0
A29: 1 | B29: 512 | C29: 0.0005 | D29: 1000 | E29: 64 | F29: 0 | G29: 0.38127639 | H29: 0.038924098 | I29: 0.095488094 | J29: =A29 & "_" & B29 & "_" & C29 & "_" & D29 & "_" & E29 -> 1_512_0.0005_1000_64 | K29: {=IF(F29=1, H29 - _xlfn.XLOOKUP(1, (J:J=J29)*(F:F=0), H:H), _xlfn.XLOOKUP(1, (J:J=J29)*(F:F=1), H:H) - H29 )} -> 0 | L29: =IF(AND(F29=1, K29 > $N$2), 1, 0) -> 0 | M29: =IF(AND(F29=1, K29 < -$N$2), 1, 0) -> 0
A30: 1 | B30: 512 | C30: 0.0005 | D30: 200 | E30: 64 | F30: 1 | G30: 0.38569561 | H30: 0.039089907 | I30: 0.16794814 | J30: =A30 & "_" & B30 & "_" & C30 & "_" & D30 & "_" & E30 -> 1_512_0.0005_200_64 | K30: {=IF(F30=1, H30 - _xlfn.XLOOKUP(1, (J:J=J30)*(F:F=0), H:H), _xlfn.XLOOKUP(1, (J:J=J30)*(F:F=1), H:H) - H30 )} -> 0.00016580878 | L30: =IF(AND(F30=1, K30 > $N$2), 1, 0) -> 0 | M30: =IF(AND(F30=1, K30 < -$N$2), 1, 0) -> 0
A31: 1 | B31: 512 | C31: 0.0005 | D31: 200 | E31: 64 | F31: 0 | G31: 0.36852817 | H31: 0.038924098 | I31: 0.10372355 | J31: =A31 & "_" & B31 & "_" & C31 & "_" & D31 & "_" & E31 -> 1_512_0.0005_200_64 | K31: {=IF(F31=1, H31 - _xlfn.XLOOKUP(1, (J:J=J31)*(F:F=0), H:H), _xlfn.XLOOKUP(1, (J:J=J31)*(F:F=1), H:H) - H31 )} -> 0.00016580878 | L31: =IF(AND(F31=1, K31 > $N$2), 1, 0) -> 0 | M31: =IF(AND(F31=1, K31 < -$N$2), 1, 0) -> 0
A32: 1 | B32: 512 | C32: 0.0005 | D32: 1000 | E32: 96 | F32: 1 | G32: 0.44718098 | H32: 0.03923936 | I32: 0.19190361 | J32: =A32 & "_" & B32 & "_" & C32 & "_" & D32 & "_" & E32 -> 1_512_0.0005_1000_96 | K32: {=IF(F32=1, H32 - _xlfn.XLOOKUP(1, (J:J=J32)*(F:F=0), H:H), _xlfn.XLOOKUP(1, (J:J=J32)*(F:F=1), H:H) - H32 )} -> 0.00020394186 | L32: =IF(AND(F32=1, K32 > $N$2), 1, 0) -> 0 | M32: =IF(AND(F32=1, K32 < -$N$2), 1, 0) -> 0
A33: 1 | B33: 512 | C33: 0.0005 | D33: 1000 | E33: 96 | F33: 0 | G33: 0.41330263 | H33: 0.039035418 | I33: 0.19147818 | J33: =A33 & "_" & B33 & "_" & C33 & "_" & D33 & "_" & E33 -> 1_512_0.0005_1000_96 | K33: {=IF(F33=1, H33 - _xlfn.XLOOKUP(1, (J:J=J33)*(F:F=0), H:H), _xlfn.XLOOKUP(1, (J:J=J33)*(F:F=1), H:H) - H33 )} -> 0.00020394186 | L33: =IF(AND(F33=1, K33 > $N$2), 1, 0) -> 0 | M33: =IF(AND(F33=1, K33 < -$N$2), 1, 0) -> 0
A34: 1 | B34: 512 | C34: 0.0005 | D34: 1000 | E34: 128 | F34: 1 | G34: 0.6047757 | H34: 0.057079318 | I34: 0.45035636 | J34: =A34 & "_" & B34 & "_" & C34 & "_" & D34 & "_" & E34 -> 1_512_0.0005_1000_128 | K34: {=IF(F34=1, H34 - _xlfn.XLOOKUP(1, (J:J=J34)*(F:F=0), H:H), _xlfn.XLOOKUP(1, (J:J=J34)*(F:F=1), H:H) - H34 )} -> 0.016474445 | L34: =IF(AND(F34=1, K34 > $N$2), 1, 0) -> 1 | M34: =IF(AND(F34=1, K34 < -$N$2), 1, 0) -> 0
A35: 1 | B35: 512 | C35: 0.0005 | D35: 1000 | E35: 128 | F35: 0 | G35: 0.51048358 | H35: 0.040604873 | I35: 0.28627785 | J35: =A35 & "_" & B35 & "_" & C35 & "_" & D35 & "_" & E35 -> 1_512_0.0005_1000_128 | K35: {=IF(F35=1, H35 - _xlfn.XLOOKUP(1, (J:J=J35)*(F:F=0), H:H), _xlfn.XLOOKUP(1, (J:J=J35)*(F:F=1), H:H) - H35 )} -> 0.016474445 | L35: =IF(AND(F35=1, K35 > $N$2), 1, 0) -> 0 | M35: =IF(AND(F35=1, K35 < -$N$2), 1, 0) -> 0
A36: 1 | B36: 512 | C36: 0.0005 | D36: 200 | E36: 128 | F36: 1 | G36: 0.51429038 | H36: 0.042582418 | I36: 0.47475507 | J36: =A36 & "_" & B36 & "_" & C36 & "_" & D36 & "_" & E36 -> 1_512_0.0005_200_128 | K36: {=IF(F36=1, H36 - _xlfn.XLOOKUP(1, (J:J=J36)*(F:F=0), H:H), _xlfn.XLOOKUP(1, (J:J=J36)*(F:F=1), H:H) - H36 )} -> 0.0027607853 | L36: =IF(AND(F36=1, K36 > $N$2), 1, 0) -> 1 | M36: =IF(AND(F36=1, K36 < -$N$2), 1, 0) -> 0
A37: 1 | B37: 512 | C37: 0.0005 | D37: 200 | E37: 128 | F37: 0 | G37: 0.49090598 | H37: 0.039821632 | I37: 0.24218123 | J37: =A37 & "_" & B37 & "_" & C37 & "_" & D37 & "_" & E37 -> 1_512_0.0005_200_128 | K37: {=IF(F37=1, H37 - _xlfn.XLOOKUP(1, (J:J=J37)*(F:F=0), H:H), _xlfn.XLOOKUP(1, (J:J=J37)*(F:F=1), H:H) - H37 )} -> 0.0027607853 | L37: =IF(AND(F37=1, K37 > $N$2), 1, 0) -> 0 | M37: =IF(AND(F37=1, K37 < -$N$2), 1, 0) -> 0
A38: 1 | B38: 512 | C38: 0.0005 | D38: 1000 | E38: 160 | F38: 1 | G38: 0.67536132 | H38: 0.075663467 | I38: 0.51699711 | J38: =A38 & "_" & B38 & "_" & C38 & "_" & D38 & "_" & E38 -> 1_512_0.0005_1000_160 | K38: {=IF(F38=1, H38 - _xlfn.XLOOKUP(1, (J:J=J38)*(F:F=0), H:H), _xlfn.XLOOKUP(1, (J:J=J38)*(F:F=1), H:H) - H38 )} -> 0.022885689 | L38: =IF(AND(F38=1, K38 > $N$2), 1, 0) -> 1 | M38: =IF(AND(F38=1, K38 < -$N$2), 1, 0) -> 0
A39: 1 | B39: 512 | C39: 0.0005 | D39: 1000 | E39: 160 | F39: 0 | G39: 0.5913547 | H39: 0.052777778 | I39: 0.40813076 | J39: =A39 & "_" & B39 & "_" & C39 & "_" & D39 & "_" & E39 -> 1_512_0.0005_1000_160 | K39: {=IF(F39=1, H39 - _xlfn.XLOOKUP(1, (J:J=J39)*(F:F=0), H:H), _xlfn.XLOOKUP(1, (J:J=J39)*(F:F=1), H:H) - H39 )} -> 0.022885689 | L39: =IF(AND(F39=1, K39 > $N$2), 1, 0) -> 0 | M39: =IF(AND(F39=1, K39 < -$N$2), 1, 0) -> 0
... A69: 1 | B69: 512 | C69: 0.0005 | D69: 200 | E69: 32 | F69: 0 | G69: 0.42750932 | H69: 0.038874195 | I69: 0.044766858 | J69: =A69 & "_" & B69 & "_" & C69 & "_" & D69 & "_" & E69 -> 1_512_0.0005_200_32 | K69: {=IF(F69=1, H69 - _xlfn.XLOOKUP(1, (J:J=J69)*(F:F=0), H:H), _xlfn.XLOOKUP(1, (J:J=J69)*(F:F=1), H:H) - H69 )} -> 0 | L69: =IF(AND(F69=1, K69 > $N$2), 1, 0) -> 0 | M69: =IF(AND(F69=1, K69 < -$N$2), 1, 0) -> 0
L70: =SUM(L2:L69) -> 26 | M70: =SUM(M2:M69) -> 1 | N70: =68-L70-M70 -> 41

Sheet interval
A1: feature extraction | B1: batch size | C1: learning rate | D1: epochs | E1: msg per input | F1: bfw | G1: auc | H1: max f1 | I1: max f1 threshhold | J1: config ID | K1: Tie Threshold | L1: Wins | M1: Loss | O1: Best AUC
A2: 1 | B2: 1024 | C2: 0.0018 | D2: 1000 | E2: 192 | F2: 1 | G2: 0.6413882 | H2: 0.86143775 | I2: 0.27658634 | J2: =A2 & "_" & B2 & "_" & C2 & "_" & D2 & "_" & E2 -> 1_1024_0.0018_1000_192 | K2: {=IF(F2=1, H2 - _xlfn.XLOOKUP(1, (J:J=J2)*(F:F=0), H:H), _xlfn.XLOOKUP(1, (J:J=J2)*(F:F=1), H:H) - H2 )} -> 0.0037242029 | L2: =IF(AND(F2=1, K2 > $N$2), 1, 0) -> 1 | M2: =IF(AND(F2=1, K2 < -$N$2), 1, 0) -> 0 | N2: 0.002 | O2: feature extraction | P2: batch size | Q2: learning rate | R2: epochs | S2: msg per input | T2: bfw | U2: auc | V2: max f1 | W2: max f1 threshhold | X2: config ID | Y2: Tie Threshold
A3: 1 | B3: 1024 | C3: 0.0018 | D3: 1000 | E3: 192 | F3: 1 | G3: 0.64172916 | H3: 0.86123241 | I3: 0.27706271 | J3: =A3 & "_" & B3 & "_" & C3 & "_" & D3 & "_" & E3 -> 1_1024_0.0018_1000_192 | K3: {=IF(F3=1, H3 - _xlfn.XLOOKUP(1, (J:J=J3)*(F:F=0), H:H), _xlfn.XLOOKUP(1, (J:J=J3)*(F:F=1), H:H) - H3 )} -> 0.0035188643 | L3: =IF(AND(F3=1, K3 > $N$2), 1, 0) -> 1 | M3: =IF(AND(F3=1, K3 < -$N$2), 1, 0) -> 0 | O3: {=_xlfn.XLOOKUP(MAX(G:G), G:G, A:A:K:K)} -> 1 | P3: 512 | Q3: 0.0005 | R3: 1000 | S3: 32 | T3: 1 | U3: 0.70823392 | V3: 0.35374397 | W3: 0.26001086 | X3: 1_512_0.0005_1000_32 | Y3: 0.038399668
A4: 1 | B4: 1024 | C4: 0.0018 | D4: 1000 | E4: 192 | F4: 1 | G4: 0.64143747 | H4: 0.86105723 | I4: 0.27692513 | J4: =A4 & "_" & B4 & "_" & C4 & "_" & D4 & "_" & E4 -> 1_1024_0.0018_1000_192 | K4: {=IF(F4=1, H4 - _xlfn.XLOOKUP(1, (J:J=J4)*(F:F=0), H:H), _xlfn.XLOOKUP(1, (J:J=J4)*(F:F=1), H:H) - H4 )} -> 0.0033436788 | L4: =IF(AND(F4=1, K4 > $N$2), 1, 0) -> 1 | M4: =IF(AND(F4=1, K4 < -$N$2), 1, 0) -> 0 | O4: Best F1
A5: 1 | B5: 1024 | C5: 0.0018 | D5: 1000 | E5: 192 | F5: 0 | G5: 0.63045148 | H5: 0.85771355 | I5: 0.25319851 | J5: =A5 & "_" & B5 & "_" & C5 & "_" & D5 & "_" & E5 -> 1_1024_0.0018_1000_192 | K5: {=IF(F5=1, H5 - _xlfn.XLOOKUP(1, (J:J=J5)*(F:F=0), H:H), _xlfn.XLOOKUP(1, (J:J=J5)*(F:F=1), H:H) - H5 )} -> 0.0037242029 | L5: =IF(AND(F5=1, K5 > $N$2), 1, 0) -> 0 | M5: =IF(AND(F5=1, K5 < -$N$2), 1, 0) -> 0 | O5: {=_xlfn.XLOOKUP(MAX(H:H), H:H, A:A:K:K)} -> 1 | P5: 512 | Q5: 0.0001 | R5: 1000 | S5: 256 | T5: 1 | U5: 0.19067103 | V5: 0.99349417 | W5: 0.31387565 | X5: 1_512_0.0001_1000_256 | Y5: 0
A6: 1 | B6: 1024 | C6: 0.002 | D6: 1000 | E6: 192 | F6: 1 | G6: 0.63782611 | H6: 0.85978209 | I6: 0.26896948 | J6: =A6 & "_" & B6 & "_" & C6 & "_" & D6 & "_" & E6 -> 1_1024_0.002_1000_192 | K6: {=IF(F6=1, H6 - _xlfn.XLOOKUP(1, (J:J=J6)*(F:F=0), H:H), _xlfn.XLOOKUP(1, (J:J=J6)*(F:F=1), H:H) - H6 )} -> 0.0024717409 | L6: =IF(AND(F6=1, K6 > $N$2), 1, 0) -> 1 | M6: =IF(AND(F6=1, K6 < -$N$2), 1, 0) -> 0
A7: 1 | B7: 1024 | C7: 0.0025 | D7: 1000 | E7: 192 | F7: 1 | G7: 0.64634607 | H7: 0.85790173 | I7: 0.27744494 | J7: =A7 & "_" & B7 & "_" & C7 & "_" & D7 & "_" & E7 -> 1_1024_0.0025_1000_192 | K7: {=IF(F7=1, H7 - _xlfn.XLOOKUP(1, (J:J=J7)*(F:F=0), H:H), _xlfn.XLOOKUP(1, (J:J=J7)*(F:F=1), H:H) - H7 )} -> -0.00068176325 | L7: =IF(AND(F7=1, K7 > $N$2), 1, 0) -> 0 | M7: =IF(AND(F7=1, K7 < -$N$2), 1, 0) -> 0 | O7: Average AUC with BFW | Q7: Average AUC without BFW | S7: Difference in AUC mean with BFW - without BFW
A8: 1 | B8: 1024 | C8: 0.0025 | D8: 1000 | E8: 192 | F8: 0 | G8: 0.63421078 | H8: 0.85858349 | I8: 0.24860039 | J8: =A8 & "_" & B8 & "_" & C8 & "_" & D8 & "_" & E8 -> 1_1024_0.0025_1000_192 | K8: {=IF(F8=1, H8 - _xlfn.XLOOKUP(1, (J:J=J8)*(F:F=0), H:H), _xlfn.XLOOKUP(1, (J:J=J8)*(F:F=1), H:H) - H8 )} -> -0.00068176325 | L8: =IF(AND(F8=1, K8 > $N$2), 1, 0) -> 0 | M8: =IF(AND(F8=1, K8 < -$N$2), 1, 0) -> 0 | O8: =AVERAGEIF(F:F, 1, G:G) -> 0.57230237 | Q8: =AVERAGEIF(F:F, 0, G:G) -> 0.56402898 | S8: =O8-Q8 -> 0.0082733879
A9: 1 | B9: 1024 | C9: 0.002 | D9: 1000 | E9: 192 | F9: 0 | G9: 0.62961787 | H9: 0.85731035 | I9: 0.24922138 | J9: =A9 & "_" & B9 & "_" & C9 & "_" & D9 & "_" & E9 -> 1_1024_0.002_1000_192 | K9: {=IF(F9=1, H9 - _xlfn.XLOOKUP(1, (J:J=J9)*(F:F=0), H:H), _xlfn.XLOOKUP(1, (J:J=J9)*(F:F=1), H:H) - H9 )} -> 0.0024717409 | L9: =IF(AND(F9=1, K9 > $N$2), 1, 0) -> 0 | M9: =IF(AND(F9=1, K9 < -$N$2), 1, 0) -> 0
A10: 1 | B10: 1024 | C10: 0.0018 | D10: 1000 | E10: 224 | F10: 1 | G10: 0.60061518 | H10: 0.92899633 | I10: 0.25966056 | J10: =A10 & "_" & B10 & "_" & C10 & "_" & D10 & "_" & E10 -> 1_1024_0.0018_1000_224 | K10: {=IF(F10=1, H10 - _xlfn.XLOOKUP(1, (J:J=J10)*(F:F=0), H:H), _xlfn.XLOOKUP(1, (J:J=J10)*(F:F=1), H:H) - H10 )} -> 0.0010570123 | L10: =IF(AND(F10=1, K10 > $N$2), 1, 0) -> 0 | M10: =IF(AND(F10=1, K10 < -$N$2), 1, 0) -> 0 | O10: AUC Mean T Test p-value | Q10: Percent Improvement in AUC mean with BFW
A11: 1 | B11: 1024 | C11: 0.0018 | D11: 1000 | E11: 224 | F11: 0 | G11: 0.59731281 | H11: 0.92793932 | I11: 0.23906462 | J11: =A11 & "_" & B11 & "_" & C11 & "_" & D11 & "_" & E11 -> 1_1024_0.0018_1000_224 | K11: {=IF(F11=1, H11 - _xlfn.XLOOKUP(1, (J:J=J11)*(F:F=0), H:H), _xlfn.XLOOKUP(1, (J:J=J11)*(F:F=1), H:H) - H11 )} -> 0.0010570123 | L11: =IF(AND(F11=1, K11 > $N$2), 1, 0) -> 0 | M11: =IF(AND(F11=1, K11 < -$N$2), 1, 0) -> 0 | O11: {=_xlfn.T.TEST(_xlfn._xlws.FILTER(G:G, F:F=1), _xlfn._xlws.FILTER(G:G, F:F=0), 2, 3)} -> 0.84092411 | Q11: =(S8)/Q8*100 -> 1.4668374
A12: 1 | B12: 1024 | C12: 0.002 | D12: 1000 | E12: 224 | F12: 1 | G12: 0.59948252 | H12: 0.92853523 | I12: 0.25066801 | J12: =A12 & "_" & B12 & "_" & C12 & "_" & D12 & "_" & E12 -> 1_1024_0.002_1000_224 | K12: {=IF(F12=1, H12 - _xlfn.XLOOKUP(1, (J:J=J12)*(F:F=0), H:H), _xlfn.XLOOKUP(1, (J:J=J12)*(F:F=1), H:H) - H12 )} -> 0.00079394207 | L12: =IF(AND(F12=1, K12 > $N$2), 1, 0) -> 0 | M12: =IF(AND(F12=1, K12 < -$N$2), 1, 0) -> 0
A13: 1 | B13: 1024 | C13: 0.0025 | D13: 1000 | E13: 224 | F13: 1 | G13: 0.5965411 | H13: 0.92799394 | I13: 0.2226869 | J13: =A13 & "_" & B13 & "_" & C13 & "_" & D13 & "_" & E13 -> 1_1024_0.0025_1000_224 | K13: {=IF(F13=1, H13 - _xlfn.XLOOKUP(1, (J:J=J13)*(F:F=0), H:H), _xlfn.XLOOKUP(1, (J:J=J13)*(F:F=1), H:H) - H13 )} -> 0 | L13: =IF(AND(F13=1, K13 > $N$2), 1, 0) -> 0 | M13: =IF(AND(F13=1, K13 < -$N$2), 1, 0) -> 0 | O13: Average F1 with BFW | Q13: Average F1 without BFW | S13: Difference in F1 mean with BFW - without BFW
A14: 1 | B14: 1024 | C14: 0.0025 | D14: 1000 | E14: 224 | F14: 0 | G14: 0.59743583 | H14: 0.92799394 | I14: 0.21543911 | J14: =A14 & "_" & B14 & "_" & C14 & "_" & D14 & "_" & E14 -> 1_1024_0.0025_1000_224 | K14: {=IF(F14=1, H14 - _xlfn.XLOOKUP(1, (J:J=J14)*(F:F=0), H:H), _xlfn.XLOOKUP(1, (J:J=J14)*(F:F=1), H:H) - H14 )} -> 0 | L14: =IF(AND(F14=1, K14 > $N$2), 1, 0) -> 0 | M14: =IF(AND(F14=1, K14 < -$N$2), 1, 0) -> 0 | O14: =AVERAGEIF(F:F, 1, H:H) -> 0.79300802 | Q14: =AVERAGEIF(F:F, 0, H:H) -> 0.78684245 | S14: =O14-Q14 -> 0.0061655746
A15: 1 | B15: 1024 | C15: 0.002 | D15: 1000 | E15: 224 | F15: 0 | G15: 0.60041969 | H15: 0.92774128 | I15: 0.22241594 | J15: =A15 & "_" & B15 & "_" & C15 & "_" & D15 & "_" & E15 -> 1_1024_0.002_1000_224 | K15: {=IF(F15=1, H15 - _xlfn.XLOOKUP(1, (J:J=J15)*(F:F=0), H:H), _xlfn.XLOOKUP(1, (J:J=J15)*(F:F=1), H:H) - H15 )} -> 0.00079394207 | L15: =IF(AND(F15=1, K15 > $N$2), 1, 0) -> 0 | M15: =IF(AND(F15=1, K15 < -$N$2), 1, 0) -> 0
A16: 1 | B16: 256 | C16: 0.0018 | D16: 1000 | E16: 192 | F16: 1 | G16: 0.63942414 | H16: 0.85831721 | I16: 0.26890342 | J16: =A16 & "_" & B16 & "_" & C16 & "_" & D16 & "_" & E16 -> 1_256_0.0018_1000_192 | K16: {=IF(F16=1, H16 - _xlfn.XLOOKUP(1, (J:J=J16)*(F:F=0), H:H), _xlfn.XLOOKUP(1, (J:J=J16)*(F:F=1), H:H) - H16 )} -> -0.00017449333 | L16: =IF(AND(F16=1, K16 > $N$2), 1, 0) -> 0 | M16: =IF(AND(F16=1, K16 < -$N$2), 1, 0) -> 0 | O16: F1 Mean T Test p-value | Q16: Percent Improvement in AUC mean with BFW
A17: 1 | B17: 256 | C17: 0.0018 | D17: 1000 | E17: 192 | F17: 0 | G17: 0.63420189 | H17: 0.85849171 | I17: 0.26878959 | J17: =A17 & "_" & B17 & "_" & C17 & "_" & D17 & "_" & E17 -> 1_256_0.0018_1000_192 | K17: {=IF(F17=1, H17 - _xlfn.XLOOKUP(1, (J:J=J17)*(F:F=0), H:H), _xlfn.XLOOKUP(1, (J:J=J17)*(F:F=1), H:H) - H17 )} -> -0.00017449333 | L17: =IF(AND(F17=1, K17 > $N$2), 1, 0) -> 0 | M17: =IF(AND(F17=1, K17 < -$N$2), 1, 0) -> 0 | O17: {=_xlfn.T.TEST(_xlfn._xlws.FILTER(H:H, F:F=1), _xlfn._xlws.FILTER(H:H, F:F=0), 2, 3)} -> 0.91155092 | Q17: =(S14)/Q14*100 -> 0.78358439
A18: 1 | B18: 256 | C18: 0.002 | D18: 1000 | E18: 192 | F18: 1 | G18: 0.63880841 | H18: 0.85618005 | I18: 0.26670624 | J18: =A18 & "_" & B18 & "_" & C18 & "_" & D18 & "_" & E18 -> 1_256_0.002_1000_192 | K18: {=IF(F18=1, H18 - _xlfn.XLOOKUP(1, (J:J=J18)*(F:F=0), H:H), _xlfn.XLOOKUP(1, (J:J=J18)*(F:F=1), H:H) - H18 )} -> -0.0025092118 | L18: =IF(AND(F18=1, K18 > $N$2), 1, 0) -> 0 | M18: =IF(AND(F18=1, K18 < -$N$2), 1, 0) -> 1
A19: 1 | B19: 256 | C19: 0.0025 | D19: 1000 | E19: 192 | F19: 1 | G19: 0.62829943 | H19: 0.85577841 | I19: 0.26223082 | J19: =A19 & "_" & B19 & "_" & C19 & "_" & D19 & "_" & E19 -> 1_256_0.0025_1000_192 | K19: {=IF(F19=1, H19 - _xlfn.XLOOKUP(1, (J:J=J19)*(F:F=0), H:H), _xlfn.XLOOKUP(1, (J:J=J19)*(F:F=1), H:H) - H19 )} -> -0.00096216978 | L19: =IF(AND(F19=1, K19 > $N$2), 1, 0) -> 0 | M19: =IF(AND(F19=1, K19 < -$N$2), 1, 0) -> 0
A20: 1 | B20: 256 | C20: 0.0025 | D20: 1000 | E20: 192 | F20: 0 | G20: 0.62719619 | H20: 0.85674058 | I20: 0.24683463 | J20: =A20 & "_" & B20 & "_" & C20 & "_" & D20 & "_" & E20 -> 1_256_0.0025_1000_192 | K20: {=IF(F20=1, H20 - _xlfn.XLOOKUP(1, (J:J=J20)*(F:F=0), H:H), _xlfn.XLOOKUP(1, (J:J=J20)*(F:F=1), H:H) - H20 )} -> -0.00096216978 | L20: =IF(AND(F20=1, K20 > $N$2), 1, 0) -> 0 | M20: =IF(AND(F20=1, K20 < -$N$2), 1, 0) -> 0 | O20: =O7 -> Average AUC with BFW | P20: =Q7 -> Average AUC without BFW | Q20: =S7 -> Difference in AUC mean with BFW - without BFW | R20: =O10 -> AUC Mean T Test p-value | S20: =Q10 -> Percent Improvement in AUC mean with BFW
A21: 1 | B21: 256 | C21: 0.002 | D21: 1000 | E21: 192 | F21: 0 | G21: 0.63468993 | H21: 0.85868926 | I21: 0.2514389 | J21: =A21 & "_" & B21 & "_" & C21 & "_" & D21 & "_" & E21 -> 1_256_0.002_1000_192 | K21: {=IF(F21=1, H21 - _xlfn.XLOOKUP(1, (J:J=J21)*(F:F=0), H:H), _xlfn.XLOOKUP(1, (J:J=J21)*(F:F=1), H:H) - H21 )} -> -0.0025092118 | L21: =IF(AND(F21=1, K21 > $N$2), 1, 0) -> 0 | M21: =IF(AND(F21=1, K21 < -$N$2), 1, 0) -> 0 | O21: =O8 -> 0.57230237 | P21: =Q8 -> 0.56402898 | Q21: =S8 -> 0.0082733879 | R21: =O11 -> 0.84092411 | S21: =Q11 -> 1.4668374
A22: 1 | B22: 256 | C22: 0.0018 | D22: 1000 | E22: 224 | F22: 1 | G22: 0.58420728 | H22: 0.92774128 | I22: 0.2249102 | J22: =A22 & "_" & B22 & "_" & C22 & "_" & D22 & "_" & E22 -> 1_256_0.0018_1000_224 | K22: {=IF(F22=1, H22 - _xlfn.XLOOKUP(1, (J:J=J22)*(F:F=0), H:H), _xlfn.XLOOKUP(1, (J:J=J22)*(F:F=1), H:H) - H22 )} -> -0.00025265285 | L22: =IF(AND(F22=1, K22 > $N$2), 1, 0) -> 0 | M22: =IF(AND(F22=1, K22 < -$N$2), 1, 0) -> 0
A23: 1 | B23: 256 | C23: 0.0018 | D23: 1000 | E23: 224 | F23: 0 | G23: 0.58974063 | H23: 0.92799394 | I23: 0.22546211 | J23: =A23 & "_" & B23 & "_" & C23 & "_" & D23 & "_" & E23 -> 1_256_0.0018_1000_224 | K23: {=IF(F23=1, H23 - _xlfn.XLOOKUP(1, (J:J=J23)*(F:F=0), H:H), _xlfn.XLOOKUP(1, (J:J=J23)*(F:F=1), H:H) - H23 )} -> -0.00025265285 | L23: =IF(AND(F23=1, K23 > $N$2), 1, 0) -> 0 | M23: =IF(AND(F23=1, K23 < -$N$2), 1, 0) -> 0
A24: 1 | B24: 256 | C24: 0.002 | D24: 1000 | E24: 224 | F24: 1 | G24: 0.58960403 | H24: 0.92799394 | I24: 0.22097951 | J24: =A24 & "_" & B24 & "_" & C24 & "_" & D24 & "_" & E24 -> 1_256_0.002_1000_224 | K24: {=IF(F24=1, H24 - _xlfn.XLOOKUP(1, (J:J=J24)*(F:F=0), H:H), _xlfn.XLOOKUP(1, (J:J=J24)*(F:F=1), H:H) - H24 )} -> 0.00025265285 | L24: =IF(AND(F24=1, K24 > $N$2), 1, 0) -> 0 | M24: =IF(AND(F24=1, K24 < -$N$2), 1, 0) -> 0
A25: 1 | B25: 256 | C25: 0.0025 | D25: 1000 | E25: 224 | F25: 1 | G25: 0.59472971 | H25: 0.92799394 | I25: 0.22097433 | J25: =A25 & "_" & B25 & "_" & C25 & "_" & D25 & "_" & E25 -> 1_256_0.0025_1000_224 | K25: {=IF(F25=1, H25 - _xlfn.XLOOKUP(1, (J:J=J25)*(F:F=0), H:H), _xlfn.XLOOKUP(1, (J:J=J25)*(F:F=1), H:H) - H25 )} -> 0 | L25: =IF(AND(F25=1, K25 > $N$2), 1, 0) -> 0 | M25: =IF(AND(F25=1, K25 < -$N$2), 1, 0) -> 0
A26: 1 | B26: 256 | C26: 0.0025 | D26: 1000 | E26: 224 | F26: 0 | G26: 0.58786916 | H26: 0.92799394 | I26: 0.22410381 | J26: =A26 & "_" & B26 & "_" & C26 & "_" & D26 & "_" & E26 -> 1_256_0.0025_1000_224 | K26: {=IF(F26=1, H26 - _xlfn.XLOOKUP(1, (J:J=J26)*(F:F=0), H:H), _xlfn.XLOOKUP(1, (J:J=J26)*(F:F=1), H:H) - H26 )} -> 0 | L26: =IF(AND(F26=1, K26 > $N$2), 1, 0) -> 0 | M26: =IF(AND(F26=1, K26 < -$N$2), 1, 0) -> 0 | O26: =O13 -> Average F1 with BFW | P26: =Q13 -> Average F1 without BFW | Q26: =S13 -> Difference in F1 mean with BFW - without BFW | R26: =O16 -> F1 Mean T Test p-value | S26: =Q16 -> Percent Improvement in AUC mean with BFW
A27: 1 | B27: 256 | C27: 0.002 | D27: 1000 | E27: 224 | F27: 0 | G27: 0.57943873 | H27: 0.92774128 | I27: 0.22073591 | J27: =A27 & "_" & B27 & "_" & C27 & "_" & D27 & "_" & E27 -> 1_256_0.002_1000_224 | K27: {=IF(F27=1, H27 - _xlfn.XLOOKUP(1, (J:J=J27)*(F:F=0), H:H), _xlfn.XLOOKUP(1, (J:J=J27)*(F:F=1), H:H) - H27 )} -> 0.00025265285 | L27: =IF(AND(F27=1, K27 > $N$2), 1, 0) -> 0 | M27: =IF(AND(F27=1, K27 < -$N$2), 1, 0) -> 0 | O27: =O14 -> 0.79300802 | P27: =Q14 -> 0.78684245 | Q27: =S14 -> 0.0061655746 | R27: =O17 -> 0.91155092 | S27: =Q17 -> 0.78358439
A28: 1 | B28: 512 | C28: 0.0005 | D28: 1000 | E28: 64 | F28: 1 | G28: 0.67620607 | H28: 0.48981045 | I28: 0.26775018 | J28: =A28 & "_" & B28 & "_" & C28 & "_" & D28 & "_" & E28 -> 1_512_0.0005_1000_64 | K28: {=IF(F28=1, H28 - _xlfn.XLOOKUP(1, (J:J=J28)*(F:F=0), H:H), _xlfn.XLOOKUP(1, (J:J=J28)*(F:F=1), H:H) - H28 )} -> -0.0087433257 | L28: =IF(AND(F28=1, K28 > $N$2), 1, 0) -> 0 | M28: =IF(AND(F28=1, K28 < -$N$2), 1, 0) -> 1
A29: 1 | B29: 512 | C29: 0.0005 | D29: 1000 | E29: 64 | F29: 0 | G29: 0.68846291 | H29: 0.49855377 | I29: 0.26618111 | J29: =A29 & "_" & B29 & "_" & C29 & "_" & D29 & "_" & E29 -> 1_512_0.0005_1000_64 | K29: {=IF(F29=1, H29 - _xlfn.XLOOKUP(1, (J:J=J29)*(F:F=0), H:H), _xlfn.XLOOKUP(1, (J:J=J29)*(F:F=1), H:H) - H29 )} -> -0.0087433257 | L29: =IF(AND(F29=1, K29 > $N$2), 1, 0) -> 0 | M29: =IF(AND(F29=1, K29 < -$N$2), 1, 0) -> 0
A30: 1 | B30: 512 | C30: 0.0005 | D30: 200 | E30: 64 | F30: 1 | G30: 0.7053029 | H30: 0.52241021 | I30: 0.35915796 | J30: =A30 & "_" & B30 & "_" & C30 & "_" & D30 & "_" & E30 -> 1_512_0.0005_200_64 | K30: {=IF(F30=1, H30 - _xlfn.XLOOKUP(1, (J:J=J30)*(F:F=0), H:H), _xlfn.XLOOKUP(1, (J:J=J30)*(F:F=1), H:H) - H30 )} -> 0.027162059 | L30: =IF(AND(F30=1, K30 > $N$2), 1, 0) -> 1 | M30: =IF(AND(F30=1, K30 < -$N$2), 1, 0) -> 0
A31: 1 | B31: 512 | C31: 0.0005 | D31: 200 | E31: 64 | F31: 0 | G31: 0.68707593 | H31: 0.49524815 | I31: 0.26876865 | J31: =A31 & "_" & B31 & "_" & C31 & "_" & D31 & "_" & E31 -> 1_512_0.0005_200_64 | K31: {=IF(F31=1, H31 - _xlfn.XLOOKUP(1, (J:J=J31)*(F:F=0), H:H), _xlfn.XLOOKUP(1, (J:J=J31)*(F:F=1), H:H) - H31 )} -> 0.027162059 | L31: =IF(AND(F31=1, K31 > $N$2), 1, 0) -> 0 | M31: =IF(AND(F31=1, K31 < -$N$2), 1, 0) -> 0
A32: 1 | B32: 512 | C32: 0.0005 | D32: 1000 | E32: 96 | F32: 1 | G32: 0.67835822 | H32: 0.62439497 | I32: 0.28432336 | J32: =A32 & "_" & B32 & "_" & C32 & "_" & D32 & "_" & E32 -> 1_512_0.0005_1000_96 | K32: {=IF(F32=1, H32 - _xlfn.XLOOKUP(1, (J:J=J32)*(F:F=0), H:H), _xlfn.XLOOKUP(1, (J:J=J32)*(F:F=1), H:H) - H32 )} -> -0.010761594 | L32: =IF(AND(F32=1, K32 > $N$2), 1, 0) -> 0 | M32: =IF(AND(F32=1, K32 < -$N$2), 1, 0) -> 1
A33: 1 | B33: 512 | C33: 0.0005 | D33: 1000 | E33: 96 | F33: 0 | G33: 0.6813576 | H33: 0.63515656 | I33: 0.28457222 | J33: =A33 & "_" & B33 & "_" & C33 & "_" & D33 & "_" & E33 -> 1_512_0.0005_1000_96 | K33: {=IF(F33=1, H33 - _xlfn.XLOOKUP(1, (J:J=J33)*(F:F=0), H:H), _xlfn.XLOOKUP(1, (J:J=J33)*(F:F=1), H:H) - H33 )} -> -0.010761594 | L33: =IF(AND(F33=1, K33 > $N$2), 1, 0) -> 0 | M33: =IF(AND(F33=1, K33 < -$N$2), 1, 0) -> 0
A34: 1 | B34: 512 | C34: 0.0005 | D34: 1000 | E34: 128 | F34: 1 | G34: 0.67842611 | H34: 0.71283472 | I34: 0.30853478 | J34: =A34 & "_" & B34 & "_" & C34 & "_" & D34 & "_" & E34 -> 1_512_0.0005_1000_128 | K34: {=IF(F34=1, H34 - _xlfn.XLOOKUP(1, (J:J=J34)*(F:F=0), H:H), _xlfn.XLOOKUP(1, (J:J=J34)*(F:F=1), H:H) - H34 )} -> -0.00082552681 | L34: =IF(AND(F34=1, K34 > $N$2), 1, 0) -> 0 | M34: =IF(AND(F34=1, K34 < -$N$2), 1, 0) -> 0
A35: 1 | B35: 512 | C35: 0.0005 | D35: 1000 | E35: 128 | F35: 0 | G35: 0.66982058 | H35: 0.71366025 | I35: 0.28123389 | J35: =A35 & "_" & B35 & "_" & C35 & "_" & D35 & "_" & E35 -> 1_512_0.0005_1000_128 | K35: {=IF(F35=1, H35 - _xlfn.XLOOKUP(1, (J:J=J35)*(F:F=0), H:H), _xlfn.XLOOKUP(1, (J:J=J35)*(F:F=1), H:H) - H35 )} -> -0.00082552681 | L35: =IF(AND(F35=1, K35 > $N$2), 1, 0) -> 0 | M35: =IF(AND(F35=1, K35 < -$N$2), 1, 0) -> 0
A36: 1 | B36: 512 | C36: 0.0005 | D36: 200 | E36: 128 | F36: 1 | G36: 0.70704829 | H36: 0.73931006 | I36: 0.34251243 | J36: =A36 & "_" & B36 & "_" & C36 & "_" & D36 & "_" & E36 -> 1_512_0.0005_200_128 | K36: {=IF(F36=1, H36 - _xlfn.XLOOKUP(1, (J:J=J36)*(F:F=0), H:H), _xlfn.XLOOKUP(1, (J:J=J36)*(F:F=1), H:H) - H36 )} -> 0.01755805 | L36: =IF(AND(F36=1, K36 > $N$2), 1, 0) -> 1 | M36: =IF(AND(F36=1, K36 < -$N$2), 1, 0) -> 0
A37: 1 | B37: 512 | C37: 0.0005 | D37: 200 | E37: 128 | F37: 0 | G37: 0.68433697 | H37: 0.72175201 | I37: 0.28361465 | J37: =A37 & "_" & B37 & "_" & C37 & "_" & D37 & "_" & E37 -> 1_512_0.0005_200_128 | K37: {=IF(F37=1, H37 - _xlfn.XLOOKUP(1, (J:J=J37)*(F:F=0), H:H), _xlfn.XLOOKUP(1, (J:J=J37)*(F:F=1), H:H) - H37 )} -> 0.01755805 | L37: =IF(AND(F37=1, K37 > $N$2), 1, 0) -> 0 | M37: =IF(AND(F37=1, K37 < -$N$2), 1, 0) -> 0
A38: 1 | B38: 512 | C38: 0.0005 | D38: 1000 | E38: 160 | F38: 1 | G38: 0.66783052 | H38: 0.78614458 | I38: 0.3298178 | J38: =A38 & "_" & B38 & "_" & C38 & "_" & D38 & "_" & E38 -> 1_512_0.0005_1000_160 | K38: {=IF(F38=1, H38 - _xlfn.XLOOKUP(1, (J:J=J38)*(F:F=0), H:H), _xlfn.XLOOKUP(1, (J:J=J38)*(F:F=1), H:H) - H38 )} -> 0.002366901 | L38: =IF(AND(F38=1, K38 > $N$2), 1, 0) -> 1 | M38: =IF(AND(F38=1, K38 < -$N$2), 1, 0) -> 0
A39: 1 | B39: 512 | C39: 0.0005 | D39: 1000 | E39: 160 | F39: 0 | G39: 0.65516737 | H39: 0.78377768 | I39: 0.27005258 | J39: =A39 & "_" & B39 & "_" & C39 & "_" & D39 & "_" & E39 -> 1_512_0.0005_1000_160 | K39: {=IF(F39=1, H39 - _xlfn.XLOOKUP(1, (J:J=J39)*(F:F=0), H:H), _xlfn.XLOOKUP(1, (J:J=J39)*(F:F=1), H:H) - H39 )} -> 0.002366901 | L39: =IF(AND(F39=1, K39 > $N$2), 1, 0) -> 0 | M39: =IF(AND(F39=1, K39 < -$N$2), 1, 0) -> 0
... A69: 1 | B69: 512 | C69: 0.0005 | D69: 200 | E69: 32 | F69: 0 | G69: 0.68015987 | H69: 0.31463859 | I69: 0.28336376 | J69: =A69 & "_" & B69 & "_" & C69 & "_" & D69 & "_" & E69 -> 1_512_0.0005_200_32 | K69: {=IF(F69=1, H69 - _xlfn.XLOOKUP(1, (J:J=J69)*(F:F=0), H:H), _xlfn.XLOOKUP(1, (J:J=J69)*(F:F=1), H:H) - H69 )} -> 0.030483055 | L69: =IF(AND(F69=1, K69 > $N$2), 1, 0) -> 0 | M69: =IF(AND(F69=1, K69 < -$N$2), 1, 0) -> 0
L70: =SUM(L2:L69) -> 12 | M70: =SUM(M2:M69) -> 5 | N70: =68-L70-M70 -> 51

Sheet rpm
A1: feature extraction | B1: batch size | C1: learning rate | D1: epochs | E1: msg per input | F1: bfw | G1: auc | H1: max f1 | I1: max f1 threshhold | J1: config ID | K1: Tie Threshold | L1: Wins | M1: Loss | O1: Best AUC
A2: 1 | B2: 1024 | C2: 0.0018 | D2: 1000 | E2: 192 | F2: 1 | G2: 0.84369775 | H2: 0.16923077 | I2: 0.41592876 | J2: =A2 & "_" & B2 & "_" & C2 & "_" & D2 & "_" & E2 -> 1_1024_0.0018_1000_192 | K2: {=IF(F2=1, H2 - _xlfn.XLOOKUP(1, (J:J=J2)*(F:F=0), H:H), _xlfn.XLOOKUP(1, (J:J=J2)*(F:F=1), H:H) - H2 )} -> 0.005157219 | L2: =IF(AND(F2=1, K2 > $N$2), 1, 0) -> 1 | M2: =IF(AND(F2=1, K2 < -$N$2), 1, 0) -> 0 | N2: 0.002 | O2: feature extraction | P2: batch size | Q2: learning rate | R2: epochs | S2: msg per input | T2: bfw | U2: auc | V2: max f1 | W2: max f1 threshhold | X2: config ID | Y2: Tie Threshold
A3: 1 | B3: 1024 | C3: 0.0018 | D3: 1000 | E3: 192 | F3: 1 | G3: 0.84356159 | H3: 0.16858238 | I3: 0.41586249 | J3: =A3 & "_" & B3 & "_" & C3 & "_" & D3 & "_" & E3 -> 1_1024_0.0018_1000_192 | K3: {=IF(F3=1, H3 - _xlfn.XLOOKUP(1, (J:J=J3)*(F:F=0), H:H), _xlfn.XLOOKUP(1, (J:J=J3)*(F:F=1), H:H) - H3 )} -> 0.0045088253 | L3: =IF(AND(F3=1, K3 > $N$2), 1, 0) -> 1 | M3: =IF(AND(F3=1, K3 < -$N$2), 1, 0) -> 0 | O3: {=_xlfn.XLOOKUP(MAX(G:G), G:G, A:A:K:K)} -> 1 | P3: 512 | Q3: 0.002 | R3: 1000 | S3: 256 | T3: 1 | U3: 0.90610661 | V3: 0.2752809 | W3: 0.61349823 | X3: 1_512_0.002_1000_256 | Y3: 0.043090925
A4: 1 | B4: 1024 | C4: 0.0018 | D4: 1000 | E4: 192 | F4: 1 | G4: 0.84376583 | H4: 0.16901408 | I4: 0.4158228 | J4: =A4 & "_" & B4 & "_" & C4 & "_" & D4 & "_" & E4 -> 1_1024_0.0018_1000_192 | K4: {=IF(F4=1, H4 - _xlfn.XLOOKUP(1, (J:J=J4)*(F:F=0), H:H), _xlfn.XLOOKUP(1, (J:J=J4)*(F:F=1), H:H) - H4 )} -> 0.0049405343 | L4: =IF(AND(F4=1, K4 > $N$2), 1, 0) -> 1 | M4: =IF(AND(F4=1, K4 < -$N$2), 1, 0) -> 0 | O4: Best F1
A5: 1 | B5: 1024 | C5: 0.0018 | D5: 1000 | E5: 192 | F5: 0 | G5: 0.83101319 | H5: 0.16407355 | I5: 0.42812004 | J5: =A5 & "_" & B5 & "_" & C5 & "_" & D5 & "_" & E5 -> 1_1024_0.0018_1000_192 | K5: {=IF(F5=1, H5 - _xlfn.XLOOKUP(1, (J:J=J5)*(F:F=0), H:H), _xlfn.XLOOKUP(1, (J:J=J5)*(F:F=1), H:H) - H5 )} -> 0.005157219 | L5: =IF(AND(F5=1, K5 > $N$2), 1, 0) -> 0 | M5: =IF(AND(F5=1, K5 < -$N$2), 1, 0) -> 0 | O5: {=_xlfn.XLOOKUP(MAX(H:H), H:H, A:A:K:K)} -> 1 | P5: 512 | Q5: 0.002 | R5: 1000 | S5: 256 | T5: 1 | U5: 0.90610661 | V5: 0.2752809 | W5: 0.61349823 | X5: 1_512_0.002_1000_256 | Y5: 0.043090925
A6: 1 | B6: 1024 | C6: 0.002 | D6: 1000 | E6: 192 | F6: 1 | G6: 0.85900746 | H6: 0.18373494 | I6: 0.4665825 | J6: =A6 & "_" & B6 & "_" & C6 & "_" & D6 & "_" & E6 -> 1_1024_0.002_1000_192 | K6: {=IF(F6=1, H6 - _xlfn.XLOOKUP(1, (J:J=J6)*(F:F=0), H:H), _xlfn.XLOOKUP(1, (J:J=J6)*(F:F=1), H:H) - H6 )} -> 0.020166167 | L6: =IF(AND(F6=1, K6 > $N$2), 1, 0) -> 1 | M6: =IF(AND(F6=1, K6 < -$N$2), 1, 0) -> 0
A7: 1 | B7: 1024 | C7: 0.0025 | D7: 1000 | E7: 192 | F7: 1 | G7: 0.85553268 | H7: 0.17754569 | I7: 0.42095592 | J7: =A7 & "_" & B7 & "_" & C7 & "_" & D7 & "_" & E7 -> 1_1024_0.0025_1000_192 | K7: {=IF(F7=1, H7 - _xlfn.XLOOKUP(1, (J:J=J7)*(F:F=0), H:H), _xlfn.XLOOKUP(1, (J:J=J7)*(F:F=1), H:H) - H7 )} -> 0.0072160216 | L7: =IF(AND(F7=1, K7 > $N$2), 1, 0) -> 1 | M7: =IF(AND(F7=1, K7 < -$N$2), 1, 0) -> 0 | O7: Average AUC with BFW | Q7: Average AUC without BFW | S7: Difference in AUC mean with BFW - without BFW
A8: 1 | B8: 1024 | C8: 0.0025 | D8: 1000 | E8: 192 | F8: 0 | G8: 0.8342456 | H8: 0.17032967 | I8: 0.4183924 | J8: =A8 & "_" & B8 & "_" & C8 & "_" & D8 & "_" & E8 -> 1_1024_0.0025_1000_192 | K8: {=IF(F8=1, H8 - _xlfn.XLOOKUP(1, (J:J=J8)*(F:F=0), H:H), _xlfn.XLOOKUP(1, (J:J=J8)*(F:F=1), H:H) - H8 )} -> 0.0072160216 | L8: =IF(AND(F8=1, K8 > $N$2), 1, 0) -> 0 | M8: =IF(AND(F8=1, K8 < -$N$2), 1, 0) -> 0 | O8: =AVERAGEIF(F:F, 1, G:G) -> 0.79943465 | Q8: =AVERAGEIF(F:F, 0, G:G) -> 0.78584084 | S8: =O8-Q8 -> 0.013593813
A9: 1 | B9: 1024 | C9: 0.002 | D9: 1000 | E9: 192 | F9: 0 | G9: 0.83743444 | H9: 0.16356877 | I9: 0.40225207 | J9: =A9 & "_" & B9 & "_" & C9 & "_" & D9 & "_" & E9 -> 1_1024_0.002_1000_192 | K9: {=IF(F9=1, H9 - _xlfn.XLOOKUP(1, (J:J=J9)*(F:F=0), H:H), _xlfn.XLOOKUP(1, (J:J=J9)*(F:F=1), H:H) - H9 )} -> 0.020166167 | L9: =IF(AND(F9=1, K9 > $N$2), 1, 0) -> 0 | M9: =IF(AND(F9=1, K9 < -$N$2), 1, 0) -> 0
A10: 1 | B10: 1024 | C10: 0.0018 | D10: 1000 | E10: 224 | F10: 1 | G10: 0.8549588 | H10: 0.16750419 | I10: 0.46968611 | J10: =A10 & "_" & B10 & "_" & C10 & "_" & D10 & "_" & E10 -> 1_1024_0.0018_1000_224 | K10: {=IF(F10=1, H10 - _xlfn.XLOOKUP(1, (J:J=J10)*(F:F=0), H:H), _xlfn.XLOOKUP(1, (J:J=J10)*(F:F=1), H:H) - H10 )} -> 0.0032529799 | L10: =IF(AND(F10=1, K10 > $N$2), 1, 0) -> 1 | M10: =IF(AND(F10=1, K10 < -$N$2), 1, 0) -> 0 | O10: AUC Mean T Test p-value | Q10: Percent Improvement in AUC mean with BFW
A11: 1 | B11: 1024 | C11: 0.0018 | D11: 1000 | E11: 224 | F11: 0 | G11: 0.83517488 | H11: 0.16425121 | I11: 0.43735705 | J11: =A11 & "_" & B11 & "_" & C11 & "_" & D11 & "_" & E11 -> 1_1024_0.0018_1000_224 | K11: {=IF(F11=1, H11 - _xlfn.XLOOKUP(1, (J:J=J11)*(F:F=0), H:H), _xlfn.XLOOKUP(1, (J:J=J11)*(F:F=1), H:H) - H11 )} -> 0.0032529799 | L11: =IF(AND(F11=1, K11 > $N$2), 1, 0) -> 0 | M11: =IF(AND(F11=1, K11 < -$N$2), 1, 0) -> 0 | O11: {=_xlfn.T.TEST(_xlfn._xlws.FILTER(G:G, F:F=1), _xlfn._xlws.FILTER(G:G, F:F=0), 2, 3)} -> 0.64711528 | Q11: =(S8)/Q8*100 -> 1.729843
A12: 1 | B12: 1024 | C12: 0.002 | D12: 1000 | E12: 224 | F12: 1 | G12: 0.85323119 | H12: 0.17870722 | I12: 0.47514639 | J12: =A12 & "_" & B12 & "_" & C12 & "_" & D12 & "_" & E12 -> 1_1024_0.002_1000_224 | K12: {=IF(F12=1, H12 - _xlfn.XLOOKUP(1, (J:J=J12)*(F:F=0), H:H), _xlfn.XLOOKUP(1, (J:J=J12)*(F:F=1), H:H) - H12 )} -> -0.0085837456 | L12: =IF(AND(F12=1, K12 > $N$2), 1, 0) -> 0 | M12: =IF(AND(F12=1, K12 < -$N$2), 1, 0) -> 1
A13: 1 | B13: 1024 | C13: 0.0025 | D13: 1000 | E13: 224 | F13: 1 | G13: 0.85948031 | H13: 0.17513135 | I13: 0.45657052 | J13: =A13 & "_" & B13 & "_" & C13 & "_" & D13 & "_" & E13 -> 1_1024_0.0025_1000_224 | K13: {=IF(F13=1, H13 - _xlfn.XLOOKUP(1, (J:J=J13)*(F:F=0), H:H), _xlfn.XLOOKUP(1, (J:J=J13)*(F:F=1), H:H) - H13 )} -> 0.007689488 | L13: =IF(AND(F13=1, K13 > $N$2), 1, 0) -> 1 | M13: =IF(AND(F13=1, K13 < -$N$2), 1, 0) -> 0 | O13: Average F1 with BFW | Q13: Average F1 without BFW | S13: Difference in F1 mean with BFW - without BFW
A14: 1 | B14: 1024 | C14: 0.0025 | D14: 1000 | E14: 224 | F14: 0 | G14: 0.84627988 | H14: 0.16744186 | I14: 0.43045323 | J14: =A14 & "_" & B14 & "_" & C14 & "_" & D14 & "_" & E14 -> 1_1024_0.0025_1000_224 | K14: {=IF(F14=1, H14 - _xlfn.XLOOKUP(1, (J:J=J14)*(F:F=0), H:H), _xlfn.XLOOKUP(1, (J:J=J14)*(F:F=1), H:H) - H14 )} -> 0.007689488 | L14: =IF(AND(F14=1, K14 > $N$2), 1, 0) -> 0 | M14: =IF(AND(F14=1, K14 < -$N$2), 1, 0) -> 0 | O14: =AVERAGEIF(F:F, 1, H:H) -> 0.16173816 | Q14: =AVERAGEIF(F:F, 0, H:H) -> 0.15207017 | S14: =O14-Q14 -> 0.0096679909
A15: 1 | B15: 1024 | C15: 0.002 | D15: 1000 | E15: 224 | F15: 0 | G15: 0.85416373 | H15: 0.18729097 | I15: 0.44332431 | J15: =A15 & "_" & B15 & "_" & C15 & "_" & D15 & "_" & E15 -> 1_1024_0.002_1000_224 | K15: {=IF(F15=1, H15 - _xlfn.XLOOKUP(1, (J:J=J15)*(F:F=0), H:H), _xlfn.XLOOKUP(1, (J:J=J15)*(F:F=1), H:H) - H15 )} -> -0.0085837456 | L15: =IF(AND(F15=1, K15 > $N$2), 1, 0) -> 0 | M15: =IF(AND(F15=1, K15 < -$N$2), 1, 0) -> 0
A16: 1 | B16: 256 | C16: 0.0018 | D16: 1000 | E16: 192 | F16: 1 | G16: 0.85716114 | H16: 0.18658892 | I16: 0.43159806 | J16: =A16 & "_" & B16 & "_" & C16 & "_" & D16 & "_" & E16 -> 1_256_0.0018_1000_192 | K16: {=IF(F16=1, H16 - _xlfn.XLOOKUP(1, (J:J=J16)*(F:F=0), H:H), _xlfn.XLOOKUP(1, (J:J=J16)*(F:F=1), H:H) - H16 )} -> 0.024577748 | L16: =IF(AND(F16=1, K16 > $N$2), 1, 0) -> 1 | M16: =IF(AND(F16=1, K16 < -$N$2), 1, 0) -> 0 | O16: F1 Mean T Test p-value | Q16: Percent Improvement in AUC mean with BFW
A17: 1 | B17: 256 | C17: 0.0018 | D17: 1000 | E17: 192 | F17: 0 | G17: 0.83610553 | H17: 0.16201117 | I17: 0.41880071 | J17: =A17 & "_" & B17 & "_" & C17 & "_" & D17 & "_" & E17 -> 1_256_0.0018_1000_192 | K17: {=IF(F17=1, H17 - _xlfn.XLOOKUP(1, (J:J=J17)*(F:F=0), H:H), _xlfn.XLOOKUP(1, (J:J=J17)*(F:F=1), H:H) - H17 )} -> 0.024577748 | L17: =IF(AND(F17=1, K17 > $N$2), 1, 0) -> 0 | M17: =IF(AND(F17=1, K17 < -$N$2), 1, 0) -> 0 | O17: {=_xlfn.T.TEST(_xlfn._xlws.FILTER(H:H, F:F=1), _xlfn._xlws.FILTER(H:H, F:F=0), 2, 3)} -> 0.48439944 | Q17: =(S14)/Q14*100 -> 6.3575852
A18: 1 | B18: 256 | C18: 0.002 | D18: 1000 | E18: 192 | F18: 1 | G18: 0.85586219 | H18: 0.17673049 | I18: 0.43546087 | J18: =A18 & "_" & B18 & "_" & C18 & "_" & D18 & "_" & E18 -> 1_256_0.002_1000_192 | K18: {=IF(F18=1, H18 - _xlfn.XLOOKUP(1, (J:J=J18)*(F:F=0), H:H), _xlfn.XLOOKUP(1, (J:J=J18)*(F:F=1), H:H) - H18 )} -> 0.0095916758 | L18: =IF(AND(F18=1, K18 > $N$2), 1, 0) -> 1 | M18: =IF(AND(F18=1, K18 < -$N$2), 1, 0) -> 0
A19: 1 | B19: 256 | C19: 0.0025 | D19: 1000 | E19: 192 | F19: 1 | G19: 0.84421243 | H19: 0.16954023 | I19: 0.42738873 | J19: =A19 & "_" & B19 & "_" & C19 & "_" & D19 & "_" & E19 -> 1_256_0.0025_1000_192 | K19: {=IF(F19=1, H19 - _xlfn.XLOOKUP(1, (J:J=J19)*(F:F=0), H:H), _xlfn.XLOOKUP(1, (J:J=J19)*(F:F=1), H:H) - H19 )} -> 0.0096450792 | L19: =IF(AND(F19=1, K19 > $N$2), 1, 0) -> 1 | M19: =IF(AND(F19=1, K19 < -$N$2), 1, 0) -> 0
A20: 1 | B20: 256 | C20: 0.0025 | D20: 1000 | E20: 192 | F20: 0 | G20: 0.83833037 | H20: 0.15989515 | I20: 0.40898712 | J20: =A20 & "_" & B20 & "_" & C20 & "_" & D20 & "_" & E20 -> 1_256_0.0025_1000_192 | K20: {=IF(F20=1, H20 - _xlfn.XLOOKUP(1, (J:J=J20)*(F:F=0), H:H), _xlfn.XLOOKUP(1, (J:J=J20)*(F:F=1), H:H) - H20 )} -> 0.0096450792 | L20: =IF(AND(F20=1, K20 > $N$2), 1, 0) -> 0 | M20: =IF(AND(F20=1, K20 < -$N$2), 1, 0) -> 0 | O20: =O7 -> Average AUC with BFW | P20: =Q7 -> Average AUC without BFW | Q20: =S7 -> Difference in AUC mean with BFW - without BFW | R20: =O10 -> AUC Mean T Test p-value | S20: =Q10 -> Percent Improvement in AUC mean with BFW
A21: 1 | B21: 256 | C21: 0.002 | D21: 1000 | E21: 192 | F21: 0 | G21: 0.84448475 | H21: 0.16713881 | I21: 0.42342752 | J21: =A21 & "_" & B21 & "_" & C21 & "_" & D21 & "_" & E21 -> 1_256_0.002_1000_192 | K21: {=IF(F21=1, H21 - _xlfn.XLOOKUP(1, (J:J=J21)*(F:F=0), H:H), _xlfn.XLOOKUP(1, (J:J=J21)*(F:F=1), H:H) - H21 )} -> 0.0095916758 | L21: =IF(AND(F21=1, K21 > $N$2), 1, 0) -> 0 | M21: =IF(AND(F21=1, K21 < -$N$2), 1, 0) -> 0 | O21: =O8 -> 0.79943465 | P21: =Q8 -> 0.78584084 | Q21: =S8 -> 0.013593813 | R21: =O11 -> 0.64711528 | S21: =Q11 -> 1.729843
A22: 1 | B22: 256 | C22: 0.0018 | D22: 1000 | E22: 224 | F22: 1 | G22: 0.85916451 | H22: 0.17578125 | I22: 0.46770618 | J22: =A22 & "_" & B22 & "_" & C22 & "_" & D22 & "_" & E22 -> 1_256_0.0018_1000_224 | K22: {=IF(F22=1, H22 - _xlfn.XLOOKUP(1, (J:J=J22)*(F:F=0), H:H), _xlfn.XLOOKUP(1, (J:J=J22)*(F:F=1), H:H) - H22 )} -> 0.0074644183 | L22: =IF(AND(F22=1, K22 > $N$2), 1, 0) -> 1 | M22: =IF(AND(F22=1, K22 < -$N$2), 1, 0) -> 0
A23: 1 | B23: 256 | C23: 0.0018 | D23: 1000 | E23: 224 | F23: 0 | G23: 0.85106889 | H23: 0.16831683 | I23: 0.44193161 | J23: =A23 & "_" & B23 & "_" & C23 & "_" & D23 & "_" & E23 -> 1_256_0.0018_1000_224 | K23: {=IF(F23=1, H23 - _xlfn.XLOOKUP(1, (J:J=J23)*(F:F=0), H:H), _xlfn.XLOOKUP(1, (J:J=J23)*(F:F=1), H:H) - H23 )} -> 0.0074644183 | L23: =IF(AND(F23=1, K23 > $N$2), 1, 0) -> 0 | M23: =IF(AND(F23=1, K23 < -$N$2), 1, 0) -> 0
A24: 1 | B24: 256 | C24: 0.002 | D24: 1000 | E24: 224 | F24: 1 | G24: 0.86551765 | H24: 0.18604651 | I24: 0.44250987 | J24: =A24 & "_" & B24 & "_" & C24 & "_" & D24 & "_" & E24 -> 1_256_0.002_1000_224 | K24: {=IF(F24=1, H24 - _xlfn.XLOOKUP(1, (J:J=J24)*(F:F=0), H:H), _xlfn.XLOOKUP(1, (J:J=J24)*(F:F=1), H:H) - H24 )} -> 0.013207005 | L24: =IF(AND(F24=1, K24 > $N$2), 1, 0) -> 1 | M24: =IF(AND(F24=1, K24 < -$N$2), 1, 0) -> 0
A25: 1 | B25: 256 | C25: 0.0025 | D25: 1000 | E25: 224 | F25: 1 | G25: 0.85536748 | H25: 0.16961131 | I25: 0.45599381 | J25: =A25 & "_" & B25 & "_" & C25 & "_" & D25 & "_" & E25 -> 1_256_0.0025_1000_224 | K25: {=IF(F25=1, H25 - _xlfn.XLOOKUP(1, (J:J=J25)*(F:F=0), H:H), _xlfn.XLOOKUP(1, (J:J=J25)*(F:F=1), H:H) - H25 )} -> -0.0026859899 | L25: =IF(AND(F25=1, K25 > $N$2), 1, 0) -> 0 | M25: =IF(AND(F25=1, K25 < -$N$2), 1, 0) -> 1
A26: 1 | B26: 256 | C26: 0.0025 | D26: 1000 | E26: 224 | F26: 0 | G26: 0.85444237 | H26: 0.1722973 | I26: 0.4461895 | J26: =A26 & "_" & B26 & "_" & C26 & "_" & D26 & "_" & E26 -> 1_256_0.0025_1000_224 | K26: {=IF(F26=1, H26 - _xlfn.XLOOKUP(1, (J:J=J26)*(F:F=0), H:H), _xlfn.XLOOKUP(1, (J:J=J26)*(F:F=1), H:H) - H26 )} -> -0.0026859899 | L26: =IF(AND(F26=1, K26 > $N$2), 1, 0) -> 0 | M26: =IF(AND(F26=1, K26 < -$N$2), 1, 0) -> 0 | O26: =O13 -> Average F1 with BFW | P26: =Q13 -> Average F1 without BFW | Q26: =S13 -> Difference in F1 mean with BFW - without BFW | R26: =O16 -> F1 Mean T Test p-value | S26: =Q16 -> Percent Improvement in AUC mean with BFW
A27: 1 | B27: 256 | C27: 0.002 | D27: 1000 | E27: 224 | F27: 0 | G27: 0.85123608 | H27: 0.17283951 | I27: 0.42813353 | J27: =A27 & "_" & B27 & "_" & C27 & "_" & D27 & "_" & E27 -> 1_256_0.002_1000_224 | K27: {=IF(F27=1, H27 - _xlfn.XLOOKUP(1, (J:J=J27)*(F:F=0), H:H), _xlfn.XLOOKUP(1, (J:J=J27)*(F:F=1), H:H) - H27 )} -> 0.013207005 | L27: =IF(AND(F27=1, K27 > $N$2), 1, 0) -> 0 | M27: =IF(AND(F27=1, K27 < -$N$2), 1, 0) -> 0 | O27: =O14 -> 0.16173816 | P27: =Q14 -> 0.15207017 | Q27: =S14 -> 0.0096679909 | R27: =O17 -> 0.48439944 | S27: =Q17 -> 6.3575852
A28: 1 | B28: 512 | C28: 0.0005 | D28: 1000 | E28: 64 | F28: 1 | G28: 0.63036969 | H28: 0.072459666 | I28: 0.29568419 | J28: =A28 & "_" & B28 & "_" & C28 & "_" & D28 & "_" & E28 -> 1_512_0.0005_1000_64 | K28: {=IF(F28=1, H28 - _xlfn.XLOOKUP(1, (J:J=J28)*(F:F=0), H:H), _xlfn.XLOOKUP(1, (J:J=J28)*(F:F=1), H:H) - H28 )} -> -0.0028541415 | L28: =IF(AND(F28=1, K28 > $N$2), 1, 0) -> 0 | M28: =IF(AND(F28=1, K28 < -$N$2), 1, 0) -> 1
A29: 1 | B29: 512 | C29: 0.0005 | D29: 1000 | E29: 64 | F29: 0 | G29: 0.64079173 | H29: 0.075313808 | I29: 0.29337638 | J29: =A29 & "_" & B29 & "_" & C29 & "_" & D29 & "_" & E29 -> 1_512_0.0005_1000_64 | K29: {=IF(F29=1, H29 - _xlfn.XLOOKUP(1, (J:J=J29)*(F:F=0), H:H), _xlfn.XLOOKUP(1, (J:J=J29)*(F:F=1), H:H) - H29 )} -> -0.0028541415 | L29: =IF(AND(F29=1, K29 > $N$2), 1, 0) -> 0 | M29: =IF(AND(F29=1, K29 < -$N$2), 1, 0) -> 0
A30: 1 | B30: 512 | C30: 0.0005 | D30: 200 | E30: 64 | F30: 1 | G30: 0.6158145 | H30: 0.06783797 | I30: 0.35197779 | J30: =A30 & "_" & B30 & "_" & C30 & "_" & D30 & "_" & E30 -> 1_512_0.0005_200_64 | K30: {=IF(F30=1, H30 - _xlfn.XLOOKUP(1, (J:J=J30)*(F:F=0), H:H), _xlfn.XLOOKUP(1, (J:J=J30)*(F:F=1), H:H) - H30 )} -> -0.0087980094 | L30: =IF(AND(F30=1, K30 > $N$2), 1, 0) -> 0 | M30: =IF(AND(F30=1, K30 < -$N$2), 1, 0) -> 1
A31: 1 | B31: 512 | C31: 0.0005 | D31: 200 | E31: 64 | F31: 0 | G31: 0.64323135 | H31: 0.076635979 | I31: 0.28846103 | J31: =A31 & "_" & B31 & "_" & C31 & "_" & D31 & "_" & E31 -> 1_512_0.0005_200_64 | K31: {=IF(F31=1, H31 - _xlfn.XLOOKUP(1, (J:J=J31)*(F:F=0), H:H), _xlfn.XLOOKUP(1, (J:J=J31)*(F:F=1), H:H) - H31 )} -> -0.0087980094 | L31: =IF(AND(F31=1, K31 > $N$2), 1, 0) -> 0 | M31: =IF(AND(F31=1, K31 < -$N$2), 1, 0) -> 0
A32: 1 | B32: 512 | C32: 0.0005 | D32: 1000 | E32: 96 | F32: 1 | G32: 0.70789668 | H32: 0.090066225 | I32: 0.34571825 | J32: =A32 & "_" & B32 & "_" & C32 & "_" & D32 & "_" & E32 -> 1_512_0.0005_1000_96 | K32: {=IF(F32=1, H32 - _xlfn.XLOOKUP(1, (J:J=J32)*(F:F=0), H:H), _xlfn.XLOOKUP(1, (J:J=J32)*(F:F=1), H:H) - H32 )} -> 0.0070294517 | L32: =IF(AND(F32=1, K32 > $N$2), 1, 0) -> 1 | M32: =IF(AND(F32=1, K32 < -$N$2), 1, 0) -> 0
A33: 1 | B33: 512 | C33: 0.0005 | D33: 1000 | E33: 96 | F33: 0 | G33: 0.68289958 | H33: 0.083036773 | I33: 0.33308795 | J33: =A33 & "_" & B33 & "_" & C33 & "_" & D33 & "_" & E33 -> 1_512_0.0005_1000_96 | K33: {=IF(F33=1, H33 - _xlfn.XLOOKUP(1, (J:J=J33)*(F:F=0), H:H), _xlfn.XLOOKUP(1, (J:J=J33)*(F:F=1), H:H) - H33 )} -> 0.0070294517 | L33: =IF(AND(F33=1, K33 > $N$2), 1, 0) -> 0 | M33: =IF(AND(F33=1, K33 < -$N$2), 1, 0) -> 0
A34: 1 | B34: 512 | C34: 0.0005 | D34: 1000 | E34: 128 | F34: 1 | G34: 0.80505591 | H34: 0.13914657 | I34: 0.45545103 | J34: =A34 & "_" & B34 & "_" & C34 & "_" & D34 & "_" & E34 -> 1_512_0.0005_1000_128 | K34: {=IF(F34=1, H34 - _xlfn.XLOOKUP(1, (J:J=J34)*(F:F=0), H:H), _xlfn.XLOOKUP(1, (J:J=J34)*(F:F=1), H:H) - H34 )} -> 0.024813511 | L34: =IF(AND(F34=1, K34 > $N$2), 1, 0) -> 1 | M34: =IF(AND(F34=1, K34 < -$N$2), 1, 0) -> 0
A35: 1 | B35: 512 | C35: 0.0005 | D35: 1000 | E35: 128 | F35: 0 | G35: 0.75756839 | H35: 0.11433306 | I35: 0.38447131 | J35: =A35 & "_" & B35 & "_" & C35 & "_" & D35 & "_" & E35 -> 1_512_0.0005_1000_128 | K35: {=IF(F35=1, H35 - _xlfn.XLOOKUP(1, (J:J=J35)*(F:F=0), H:H), _xlfn.XLOOKUP(1, (J:J=J35)*(F:F=1), H:H) - H35 )} -> 0.024813511 | L35: =IF(AND(F35=1, K35 > $N$2), 1, 0) -> 0 | M35: =IF(AND(F35=1, K35 < -$N$2), 1, 0) -> 0
A36: 1 | B36: 512 | C36: 0.0005 | D36: 200 | E36: 128 | F36: 1 | G36: 0.75728726 | H36: 0.12170385 | I36: 0.49423707 | J36: =A36 & "_" & B36 & "_" & C36 & "_" & D36 & "_" & E36 -> 1_512_0.0005_200_128 | K36: {=IF(F36=1, H36 - _xlfn.XLOOKUP(1, (J:J=J36)*(F:F=0), H:H), _xlfn.XLOOKUP(1, (J:J=J36)*(F:F=1), H:H) - H36 )} -> 0.0028919728 | L36: =IF(AND(F36=1, K36 > $N$2), 1, 0) -> 1 | M36: =IF(AND(F36=1, K36 < -$N$2), 1, 0) -> 0
A37: 1 | B37: 512 | C37: 0.0005 | D37: 200 | E37: 128 | F37: 0 | G37: 0.76301297 | H37: 0.11881188 | I37: 0.38773478 | J37: =A37 & "_" & B37 & "_" & C37 & "_" & D37 & "_" & E37 -> 1_512_0.0005_200_128 | K37: {=IF(F37=1, H37 - _xlfn.XLOOKUP(1, (J:J=J37)*(F:F=0), H:H), _xlfn.XLOOKUP(1, (J:J=J37)*(F:F=1), H:H) - H37 )} -> 0.0028919728 | L37: =IF(AND(F37=1, K37 > $N$2), 1, 0) -> 0 | M37: =IF(AND(F37=1, K37 < -$N$2), 1, 0) -> 0
A38: 1 | B38: 512 | C38: 0.0005 | D38: 1000 | E38: 160 | F38: 1 | G38: 0.83876208 | H38: 0.16173121 | I38: 0.47144457 | J38: =A38 & "_" & B38 & "_" & C38 & "_" & D38 & "_" & E38 -> 1_512_0.0005_1000_160 | K38: {=IF(F38=1, H38 - _xlfn.XLOOKUP(1, (J:J=J38)*(F:F=0), H:H), _xlfn.XLOOKUP(1, (J:J=J38)*(F:F=1), H:H) - H38 )} -> 0.019391038 | L38: =IF(AND(F38=1, K38 > $N$2), 1, 0) -> 1 | M38: =IF(AND(F38=1, K38 < -$N$2), 1, 0) -> 0
A39: 1 | B39: 512 | C39: 0.0005 | D39: 1000 | E39: 160 | F39: 0 | G39: 0.80996571 | H39: 0.14234017 | I39: 0.41539697 | J39: =A39 & "_" & B39 & "_" & C39 & "_" & D39 & "_" & E39 -> 1_512_0.0005_1000_160 | K39: {=IF(F39=1, H39 - _xlfn.XLOOKUP(1, (J:J=J39)*(F:F=0), H:H), _xlfn.XLOOKUP(1, (J:J=J39)*(F:F=1), H:H) - H39 )} -> 0.019391038 | L39: =IF(AND(F39=1, K39 > $N$2), 1, 0) -> 0 | M39: =IF(AND(F39=1, K39 < -$N$2), 1, 0) -> 0
... A69: 1 | B69: 512 | C69: 0.0005 | D69: 200 | E69: 32 | F69: 0 | G69: 0.56802933 | H69: 0.060068582 | I69: 0.19471364 | J69: =A69 & "_" & B69 & "_" & C69 & "_" & D69 & "_" & E69 -> 1_512_0.0005_200_32 | K69: {=IF(F69=1, H69 - _xlfn.XLOOKUP(1, (J:J=J69)*(F:F=0), H:H), _xlfn.XLOOKUP(1, (J:J=J69)*(F:F=1), H:H) - H69 )} -> -0.0008634873 | L69: =IF(AND(F69=1, K69 > $N$2), 1, 0) -> 0 | M69: =IF(AND(F69=1, K69 < -$N$2), 1, 0) -> 0
L70: =SUM(L2:L69) -> 25 | M70: =SUM(M2:M69) -> 7 | N70: =68-L70-M70 -> 36

Sheet speed
A1: feature extraction | B1: batch size | C1: learning rate | D1: epochs | E1: msg per input | F1: bfw | G1: auc | H1: max f1 | I1: max f1 threshhold | J1: config ID | K1: Tie Threshold | L1: Wins | M1: Loss | O1: Best AUC
A2: 1 | B2: 1024 | C2: 0.0018 | D2: 1000 | E2: 192 | F2: 1 | G2: 0.78211053 | H2: 0.07466443 | I2: 0.38533449 | J2: =A2 & "_" & B2 & "_" & C2 & "_" & D2 & "_" & E2 -> 1_1024_0.0018_1000_192 | K2: {=IF(F2=1, H2 - _xlfn.XLOOKUP(1, (J:J=J2)*(F:F=0), H:H), _xlfn.XLOOKUP(1, (J:J=J2)*(F:F=1), H:H) - H2 )} -> -0.0013169972 | L2: =IF(AND(F2=1, K2 > $N$2), 1, 0) -> 0 | M2: =IF(AND(F2=1, K2 < -$N$2), 1, 0) -> 0 | N2: 0.002 | O2: feature extraction | P2: batch size | Q2: learning rate | R2: epochs | S2: msg per input | T2: bfw | U2: auc | V2: max f1 | W2: max f1 threshhold | X2: config ID | Y2: Tie Threshold
A3: 1 | B3: 1024 | C3: 0.0018 | D3: 1000 | E3: 192 | F3: 1 | G3: 0.78223437 | H3: 0.074758505 | I3: 0.38540124 | J3: =A3 & "_" & B3 & "_" & C3 & "_" & D3 & "_" & E3 -> 1_1024_0.0018_1000_192 | K3: {=IF(F3=1, H3 - _xlfn.XLOOKUP(1, (J:J=J3)*(F:F=0), H:H), _xlfn.XLOOKUP(1, (J:J=J3)*(F:F=1), H:H) - H3 )} -> -0.0012229219 | L3: =IF(AND(F3=1, K3 > $N$2), 1, 0) -> 0 | M3: =IF(AND(F3=1, K3 < -$N$2), 1, 0) -> 0 | O3: {=_xlfn.XLOOKUP(MAX(G:G), G:G, A:A:K:K)} -> 1 | P3: 512 | Q3: 0.0005 | R3: 1000 | S3: 256 | T3: 1 | U3: 0.85748067 | V3: 0.11801242 | W3: 0.56388203 | X3: 1_512_0.0005_1000_256 | Y3: 0.016787933
A4: 1 | B4: 1024 | C4: 0.0018 | D4: 1000 | E4: 192 | F4: 1 | G4: 0.78215745 | H4: 0.07472712 | I4: 0.38545778 | J4: =A4 & "_" & B4 & "_" & C4 & "_" & D4 & "_" & E4 -> 1_1024_0.0018_1000_192 | K4: {=IF(F4=1, H4 - _xlfn.XLOOKUP(1, (J:J=J4)*(F:F=0), H:H), _xlfn.XLOOKUP(1, (J:J=J4)*(F:F=1), H:H) - H4 )} -> -0.0012543067 | L4: =IF(AND(F4=1, K4 > $N$2), 1, 0) -> 0 | M4: =IF(AND(F4=1, K4 < -$N$2), 1, 0) -> 0 | O4: Best F1
A5: 1 | B5: 1024 | C5: 0.0018 | D5: 1000 | E5: 192 | F5: 0 | G5: 0.78253281 | H5: 0.075981427 | I5: 0.38043866 | J5: =A5 & "_" & B5 & "_" & C5 & "_" & D5 & "_" & E5 -> 1_1024_0.0018_1000_192 | K5: {=IF(F5=1, H5 - _xlfn.XLOOKUP(1, (J:J=J5)*(F:F=0), H:H), _xlfn.XLOOKUP(1, (J:J=J5)*(F:F=1), H:H) - H5 )} -> -0.0013169972 | L5: =IF(AND(F5=1, K5 > $N$2), 1, 0) -> 0 | M5: =IF(AND(F5=1, K5 < -$N$2), 1, 0) -> 0 | O5: {=_xlfn.XLOOKUP(MAX(H:H), H:H, A:A:K:K)} -> 1 | P5: 512 | Q5: 0.0005 | R5: 1000 | S5: 256 | T5: 1 | U5: 0.85748067 | V5: 0.11801242 | W5: 0.56388203 | X5: 1_512_0.0005_1000_256 | Y5: 0.016787933
A6: 1 | B6: 1024 | C6: 0.002 | D6: 1000 | E6: 192 | F6: 1 | G6: 0.78687796 | H6: 0.075907591 | I6: 0.39048108 | J6: =A6 & "_" & B6 & "_" & C6 & "_" & D6 & "_" & E6 -> 1_1024_0.002_1000_192 | K6: {=IF(F6=1, H6 - _xlfn.XLOOKUP(1, (J:J=J6)*(F:F=0), H:H), _xlfn.XLOOKUP(1, (J:J=J6)*(F:F=1), H:H) - H6 )} -> -0.00050119625 | L6: =IF(AND(F6=1, K6 > $N$2), 1, 0) -> 0 | M6: =IF(AND(F6=1, K6 < -$N$2), 1, 0) -> 0
A7: 1 | B7: 1024 | C7: 0.0025 | D7: 1000 | E7: 192 | F7: 1 | G7: 0.78343661 | H7: 0.076576577 | I7: 0.39670211 | J7: =A7 & "_" & B7 & "_" & C7 & "_" & D7 & "_" & E7 -> 1_1024_0.0025_1000_192 | K7: {=IF(F7=1, H7 - _xlfn.XLOOKUP(1, (J:J=J7)*(F:F=0), H:H), _xlfn.XLOOKUP(1, (J:J=J7)*(F:F=1), H:H) - H7 )} -> 0.00099229015 | L7: =IF(AND(F7=1, K7 > $N$2), 1, 0) -> 0 | M7: =IF(AND(F7=1, K7 < -$N$2), 1, 0) -> 0 | O7: Average AUC with BFW | Q7: Average AUC without BFW | S7: Difference in AUC mean with BFW - without BFW
A8: 1 | B8: 1024 | C8: 0.0025 | D8: 1000 | E8: 192 | F8: 0 | G8: 0.7816644 | H8: 0.075584286 | I8: 0.39811548 | J8: =A8 & "_" & B8 & "_" & C8 & "_" & D8 & "_" & E8 -> 1_1024_0.0025_1000_192 | K8: {=IF(F8=1, H8 - _xlfn.XLOOKUP(1, (J:J=J8)*(F:F=0), H:H), _xlfn.XLOOKUP(1, (J:J=J8)*(F:F=1), H:H) - H8 )} -> 0.00099229015 | L8: =IF(AND(F8=1, K8 > $N$2), 1, 0) -> 0 | M8: =IF(AND(F8=1, K8 < -$N$2), 1, 0) -> 0 | O8: =AVERAGEIF(F:F, 1, G:G) -> 0.76380143 | Q8: =AVERAGEIF(F:F, 0, G:G) -> 0.75940411 | S8: =O8-Q8 -> 0.0043973157
A9: 1 | B9: 1024 | C9: 0.002 | D9: 1000 | E9: 192 | F9: 0 | G9: 0.78477346 | H9: 0.076408787 | I9: 0.39379961 | J9: =A9 & "_" & B9 & "_" & C9 & "_" & D9 & "_" & E9 -> 1_1024_0.002_1000_192 | K9: {=IF(F9=1, H9 - _xlfn.XLOOKUP(1, (J:J=J9)*(F:F=0), H:H), _xlfn.XLOOKUP(1, (J:J=J9)*(F:F=1), H:H) - H9 )} -> -0.00050119625 | L9: =IF(AND(F9=1, K9 > $N$2), 1, 0) -> 0 | M9: =IF(AND(F9=1, K9 < -$N$2), 1, 0) -> 0
A10: 1 | B10: 1024 | C10: 0.0018 | D10: 1000 | E10: 224 | F10: 1 | G10: 0.80665233 | H10: 0.086402266 | I10: 0.45342102 | J10: =A10 & "_" & B10 & "_" & C10 & "_" & D10 & "_" & E10 -> 1_1024_0.0018_1000_224 | K10: {=IF(F10=1, H10 - _xlfn.XLOOKUP(1, (J:J=J10)*(F:F=0), H:H), _xlfn.XLOOKUP(1, (J:J=J10)*(F:F=1), H:H) - H10 )} -> 0.0074734432 | L10: =IF(AND(F10=1, K10 > $N$2), 1, 0) -> 1 | M10: =IF(AND(F10=1, K10 < -$N$2), 1, 0) -> 0 | O10: AUC Mean T Test p-value | Q10: Percent Improvement in AUC mean with BFW
A11: 1 | B11: 1024 | C11: 0.0018 | D11: 1000 | E11: 224 | F11: 0 | G11: 0.79219595 | H11: 0.078928823 | I11: 0.43623963 | J11: =A11 & "_" & B11 & "_" & C11 & "_" & D11 & "_" & E11 -> 1_1024_0.0018_1000_224 | K11: {=IF(F11=1, H11 - _xlfn.XLOOKUP(1, (J:J=J11)*(F:F=0), H:H), _xlfn.XLOOKUP(1, (J:J=J11)*(F:F=1), H:H) - H11 )} -> 0.0074734432 | L11: =IF(AND(F11=1, K11 > $N$2), 1, 0) -> 0 | M11: =IF(AND(F11=1, K11 < -$N$2), 1, 0) -> 0 | O11: {=_xlfn.T.TEST(_xlfn._xlws.FILTER(G:G, F:F=1), _xlfn._xlws.FILTER(G:G, F:F=0), 2, 3)} -> 0.80466765 | Q11: =(S8)/Q8*100 -> 0.57904818
A12: 1 | B12: 1024 | C12: 0.002 | D12: 1000 | E12: 224 | F12: 1 | G12: 0.79054454 | H12: 0.078720787 | I12: 0.42074202 | J12: =A12 & "_" & B12 & "_" & C12 & "_" & D12 & "_" & E12 -> 1_1024_0.002_1000_224 | K12: {=IF(F12=1, H12 - _xlfn.XLOOKUP(1, (J:J=J12)*(F:F=0), H:H), _xlfn.XLOOKUP(1, (J:J=J12)*(F:F=1), H:H) - H12 )} -> -0.0045120234 | L12: =IF(AND(F12=1, K12 > $N$2), 1, 0) -> 0 | M12: =IF(AND(F12=1, K12 < -$N$2), 1, 0) -> 1
A13: 1 | B13: 1024 | C13: 0.0025 | D13: 1000 | E13: 224 | F13: 1 | G13: 0.79267939 | H13: 0.08140263 | I13: 0.42060175 | J13: =A13 & "_" & B13 & "_" & C13 & "_" & D13 & "_" & E13 -> 1_1024_0.0025_1000_224 | K13: {=IF(F13=1, H13 - _xlfn.XLOOKUP(1, (J:J=J13)*(F:F=0), H:H), _xlfn.XLOOKUP(1, (J:J=J13)*(F:F=1), H:H) - H13 )} -> 0.004331339 | L13: =IF(AND(F13=1, K13 > $N$2), 1, 0) -> 1 | M13: =IF(AND(F13=1, K13 < -$N$2), 1, 0) -> 0 | O13: Average F1 with BFW | Q13: Average F1 without BFW | S13: Difference in F1 mean with BFW - without BFW
A14: 1 | B14: 1024 | C14: 0.0025 | D14: 1000 | E14: 224 | F14: 0 | G14: 0.7975357 | H14: 0.077071291 | I14: 0.38407653 | J14: =A14 & "_" & B14 & "_" & C14 & "_" & D14 & "_" & E14 -> 1_1024_0.0025_1000_224 | K14: {=IF(F14=1, H14 - _xlfn.XLOOKUP(1, (J:J=J14)*(F:F=0), H:H), _xlfn.XLOOKUP(1, (J:J=J14)*(F:F=1), H:H) - H14 )} -> 0.004331339 | L14: =IF(AND(F14=1, K14 > $N$2), 1, 0) -> 0 | M14: =IF(AND(F14=1, K14 < -$N$2), 1, 0) -> 0 | O14: =AVERAGEIF(F:F, 1, H:H) -> 0.075177555 | Q14: =AVERAGEIF(F:F, 0, H:H) -> 0.073300329 | S14: =O14-Q14 -> 0.0018772254
A15: 1 | B15: 1024 | C15: 0.002 | D15: 1000 | E15: 224 | F15: 0 | G15: 0.80128133 | H15: 0.083232811 | I15: 0.41329072 | J15: =A15 & "_" & B15 & "_" & C15 & "_" & D15 & "_" & E15 -> 1_1024_0.002_1000_224 | K15: {=IF(F15=1, H15 - _xlfn.XLOOKUP(1, (J:J=J15)*(F:F=0), H:H), _xlfn.XLOOKUP(1, (J:J=J15)*(F:F=1), H:H) - H15 )} -> -0.0045120234 | L15: =IF(AND(F15=1, K15 > $N$2), 1, 0) -> 0 | M15: =IF(AND(F15=1, K15 < -$N$2), 1, 0) -> 0
A16: 1 | B16: 256 | C16: 0.0018 | D16: 1000 | E16: 192 | F16: 1 | G16: 0.77985681 | H16: 0.073933649 | I16: 0.39059504 | J16: =A16 & "_" & B16 & "_" & C16 & "_" & D16 & "_" & E16 -> 1_256_0.0018_1000_192 | K16: {=IF(F16=1, H16 - _xlfn.XLOOKUP(1, (J:J=J16)*(F:F=0), H:H), _xlfn.XLOOKUP(1, (J:J=J16)*(F:F=1), H:H) - H16 )} -> -0.0050137191 | L16: =IF(AND(F16=1, K16 > $N$2), 1, 0) -> 0 | M16: =IF(AND(F16=1, K16 < -$N$2), 1, 0) -> 1 | O16: F1 Mean T Test p-value | Q16: Percent Improvement in AUC mean with BFW
A17: 1 | B17: 256 | C17: 0.0018 | D17: 1000 | E17: 192 | F17: 0 | G17: 0.7854465 | H17: 0.078947368 | I17: 0.38996713 | J17: =A17 & "_" & B17 & "_" & C17 & "_" & D17 & "_" & E17 -> 1_256_0.0018_1000_192 | K17: {=IF(F17=1, H17 - _xlfn.XLOOKUP(1, (J:J=J17)*(F:F=0), H:H), _xlfn.XLOOKUP(1, (J:J=J17)*(F:F=1), H:H) - H17 )} -> -0.0050137191 | L17: =IF(AND(F17=1, K17 > $N$2), 1, 0) -> 0 | M17: =IF(AND(F17=1, K17 < -$N$2), 1, 0) -> 0 | O17: {=_xlfn.T.TEST(_xlfn._xlws.FILTER(H:H, F:F=1), _xlfn._xlws.FILTER(H:H, F:F=0), 2, 3)} -> 0.68901666 | Q17: =(S14)/Q14*100 -> 2.5610054
A18: 1 | B18: 256 | C18: 0.002 | D18: 1000 | E18: 192 | F18: 1 | G18: 0.7910308 | H18: 0.08018018 | I18: 0.38550996 | J18: =A18 & "_" & B18 & "_" & C18 & "_" & D18 & "_" & E18 -> 1_256_0.002_1000_192 | K18: {=IF(F18=1, H18 - _xlfn.XLOOKUP(1, (J:J=J18)*(F:F=0), H:H), _xlfn.XLOOKUP(1, (J:J=J18)*(F:F=1), H:H) - H18 )} -> 0.007032032 | L18: =IF(AND(F18=1, K18 > $N$2), 1, 0) -> 1 | M18: =IF(AND(F18=1, K18 < -$N$2), 1, 0) -> 0
A19: 1 | B19: 256 | C19: 0.0025 | D19: 1000 | E19: 192 | F19: 1 | G19: 0.79104696 | H19: 0.080827068 | I19: 0.3906515 | J19: =A19 & "_" & B19 & "_" & C19 & "_" & D19 & "_" & E19 -> 1_256_0.0025_1000_192 | K19: {=IF(F19=1, H19 - _xlfn.XLOOKUP(1, (J:J=J19)*(F:F=0), H:H), _xlfn.XLOOKUP(1, (J:J=J19)*(F:F=1), H:H) - H19 )} -> 0.0046876575 | L19: =IF(AND(F19=1, K19 > $N$2), 1, 0) -> 1 | M19: =IF(AND(F19=1, K19 < -$N$2), 1, 0) -> 0
A20: 1 | B20: 256 | C20: 0.0025 | D20: 1000 | E20: 192 | F20: 0 | G20: 0.78343738 | H20: 0.07613941 | I20: 0.40739899 | J20: =A20 & "_" & B20 & "_" & C20 & "_" & D20 & "_" & E20 -> 1_256_0.0025_1000_192 | K20: {=IF(F20=1, H20 - _xlfn.XLOOKUP(1, (J:J=J20)*(F:F=0), H:H), _xlfn.XLOOKUP(1, (J:J=J20)*(F:F=1), H:H) - H20 )} -> 0.0046876575 | L20: =IF(AND(F20=1, K20 > $N$2), 1, 0) -> 0 | M20: =IF(AND(F20=1, K20 < -$N$2), 1, 0) -> 0 | O20: =O7 -> Average AUC with BFW | P20: =Q7 -> Average AUC without BFW | Q20: =S7 -> Difference in AUC mean with BFW - without BFW | R20: =O10 -> AUC Mean T Test p-value | S20: =Q10 -> Percent Improvement in AUC mean with BFW
A21: 1 | B21: 256 | C21: 0.002 | D21: 1000 | E21: 192 | F21: 0 | G21: 0.77910608 | H21: 0.073148148 | I21: 0.3872553 | J21: =A21 & "_" & B21 & "_" & C21 & "_" & D21 & "_" & E21 -> 1_256_0.002_1000_192 | K21: {=IF(F21=1, H21 - _xlfn.XLOOKUP(1, (J:J=J21)*(F:F=0), H:H), _xlfn.XLOOKUP(1, (J:J=J21)*(F:F=1), H:H) - H21 )} -> 0.007032032 | L21: =IF(AND(F21=1, K21 > $N$2), 1, 0) -> 0 | M21: =IF(AND(F21=1, K21 < -$N$2), 1, 0) -> 0 | O21: =O8 -> 0.76380143 | P21: =Q8 -> 0.75940411 | Q21: =S8 -> 0.0043973157 | R21: =O11 -> 0.80466765 | S21: =Q11 -> 0.57904818
A22: 1 | B22: 256 | C22: 0.0018 | D22: 1000 | E22: 224 | F22: 1 | G22: 0.79033095 | H22: 0.074836296 | I22: 0.46887659 | J22: =A22 & "_" & B22 & "_" & C22 & "_" & D22 & "_" & E22 -> 1_256_0.0018_1000_224 | K22: {=IF(F22=1, H22 - _xlfn.XLOOKUP(1, (J:J=J22)*(F:F=0), H:H), _xlfn.XLOOKUP(1, (J:J=J22)*(F:F=1), H:H) - H22 )} -> -0.0067239881 | L22: =IF(AND(F22=1, K22 > $N$2), 1, 0) -> 0 | M22: =IF(AND(F22=1, K22 < -$N$2), 1, 0) -> 1
A23: 1 | B23: 256 | C23: 0.0018 | D23: 1000 | E23: 224 | F23: 0 | G23: 0.79789828 | H23: 0.081560284 | I23: 0.40742784 | J23: =A23 & "_" & B23 & "_" & C23 & "_" & D23 & "_" & E23 -> 1_256_0.0018_1000_224 | K23: {=IF(F23=1, H23 - _xlfn.XLOOKUP(1, (J:J=J23)*(F:F=0), H:H), _xlfn.XLOOKUP(1, (J:J=J23)*(F:F=1), H:H) - H23 )} -> -0.0067239881 | L23: =IF(AND(F23=1, K23 > $N$2), 1, 0) -> 0 | M23: =IF(AND(F23=1, K23 < -$N$2), 1, 0) -> 0
A24: 1 | B24: 256 | C24: 0.002 | D24: 1000 | E24: 224 | F24: 1 | G24: 0.79581864 | H24: 0.082644628 | I24: 0.43833311 | J24: =A24 & "_" & B24 & "_" & C24 & "_" & D24 & "_" & E24 -> 1_256_0.002_1000_224 | K24: {=IF(F24=1, H24 - _xlfn.XLOOKUP(1, (J:J=J24)*(F:F=0), H:H), _xlfn.XLOOKUP(1, (J:J=J24)*(F:F=1), H:H) - H24 )} -> -0.0012882256 | L24: =IF(AND(F24=1, K24 > $N$2), 1, 0) -> 0 | M24: =IF(AND(F24=1, K24 < -$N$2), 1, 0) -> 0
A25: 1 | B25: 256 | C25: 0.0025 | D25: 1000 | E25: 224 | F25: 1 | G25: 0.79256166 | H25: 0.078133478 | I25: 0.39610322 | J25: =A25 & "_" & B25 & "_" & C25 & "_" & D25 & "_" & E25 -> 1_256_0.0025_1000_224 | K25: {=IF(F25=1, H25 - _xlfn.XLOOKUP(1, (J:J=J25)*(F:F=0), H:H), _xlfn.XLOOKUP(1, (J:J=J25)*(F:F=1), H:H) - H25 )} -> -0.0064277007 | L25: =IF(AND(F25=1, K25 > $N$2), 1, 0) -> 0 | M25: =IF(AND(F25=1, K25 < -$N$2), 1, 0) -> 1
A26: 1 | B26: 256 | C26: 0.0025 | D26: 1000 | E26: 224 | F26: 0 | G26: 0.80180541 | H26: 0.084561179 | I26: 0.41526521 | J26: =A26 & "_" & B26 & "_" & C26 & "_" & D26 & "_" & E26 -> 1_256_0.0025_1000_224 | K26: {=IF(F26=1, H26 - _xlfn.XLOOKUP(1, (J:J=J26)*(F:F=0), H:H), _xlfn.XLOOKUP(1, (J:J=J26)*(F:F=1), H:H) - H26 )} -> -0.0064277007 | L26: =IF(AND(F26=1, K26 > $N$2), 1, 0) -> 0 | M26: =IF(AND(F26=1, K26 < -$N$2), 1, 0) -> 0 | O26: =O13 -> Average F1 with BFW | P26: =Q13 -> Average F1 without BFW | Q26: =S13 -> Difference in F1 mean with BFW - without BFW | R26: =O16 -> F1 Mean T Test p-value | S26: =Q16 -> Percent Improvement in AUC mean with BFW
A27: 1 | B27: 256 | C27: 0.002 | D27: 1000 | E27: 224 | F27: 0 | G27: 0.80286502 | H27: 0.083932854 | I27: 0.40795369 | J27: =A27 & "_" & B27 & "_" & C27 & "_" & D27 & "_" & E27 -> 1_256_0.002_1000_224 | K27: {=IF(F27=1, H27 - _xlfn.XLOOKUP(1, (J:J=J27)*(F:F=0), H:H), _xlfn.XLOOKUP(1, (J:J=J27)*(F:F=1), H:H) - H27 )} -> -0.0012882256 | L27: =IF(AND(F27=1, K27 > $N$2), 1, 0) -> 0 | M27: =IF(AND(F27=1, K27 < -$N$2), 1, 0) -> 0 | O27: =O14 -> 0.075177555 | P27: =Q14 -> 0.073300329 | Q27: =S14 -> 0.0018772254 | R27: =O17 -> 0.68901666 | S27: =Q17 -> 2.5610054
A28: 1 | B28: 512 | C28: 0.0005 | D28: 1000 | E28: 64 | F28: 1 | G28: 0.68462175 | H28: 0.056237219 | I28: 0.3363332 | J28: =A28 & "_" & B28 & "_" & C28 & "_" & D28 & "_" & E28 -> 1_512_0.0005_1000_64 | K28: {=IF(F28=1, H28 - _xlfn.XLOOKUP(1, (J:J=J28)*(F:F=0), H:H), _xlfn.XLOOKUP(1, (J:J=J28)*(F:F=1), H:H) - H28 )} -> 0.0018040914 | L28: =IF(AND(F28=1, K28 > $N$2), 1, 0) -> 0 | M28: =IF(AND(F28=1, K28 < -$N$2), 1, 0) -> 0
A29: 1 | B29: 512 | C29: 0.0005 | D29: 1000 | E29: 64 | F29: 0 | G29: 0.67613762 | H29: 0.054433127 | I29: 0.34071269 | J29: =A29 & "_" & B29 & "_" & C29 & "_" & D29 & "_" & E29 -> 1_512_0.0005_1000_64 | K29: {=IF(F29=1, H29 - _xlfn.XLOOKUP(1, (J:J=J29)*(F:F=0), H:H), _xlfn.XLOOKUP(1, (J:J=J29)*(F:F=1), H:H) - H29 )} -> 0.0018040914 | L29: =IF(AND(F29=1, K29 > $N$2), 1, 0) -> 0 | M29: =IF(AND(F29=1, K29 < -$N$2), 1, 0) -> 0
A30: 1 | B30: 512 | C30: 0.0005 | D30: 200 | E30: 64 | F30: 1 | G30: 0.68587698 | H30: 0.05570245 | I30: 0.42375511 | J30: =A30 & "_" & B30 & "_" & C30 & "_" & D30 & "_" & E30 -> 1_512_0.0005_200_64 | K30: {=IF(F30=1, H30 - _xlfn.XLOOKUP(1, (J:J=J30)*(F:F=0), H:H), _xlfn.XLOOKUP(1, (J:J=J30)*(F:F=1), H:H) - H30 )} -> 0.0028877759 | L30: =IF(AND(F30=1, K30 > $N$2), 1, 0) -> 1 | M30: =IF(AND(F30=1, K30 < -$N$2), 1, 0) -> 0
A31: 1 | B31: 512 | C31: 0.0005 | D31: 200 | E31: 64 | F31: 0 | G31: 0.67310119 | H31: 0.052814674 | I31: 0.33547522 | J31: =A31 & "_" & B31 & "_" & C31 & "_" & D31 & "_" & E31 -> 1_512_0.0005_200_64 | K31: {=IF(F31=1, H31 - _xlfn.XLOOKUP(1, (J:J=J31)*(F:F=0), H:H), _xlfn.XLOOKUP(1, (J:J=J31)*(F:F=1), H:H) - H31 )} -> 0.0028877759 | L31: =IF(AND(F31=1, K31 > $N$2), 1, 0) -> 0 | M31: =IF(AND(F31=1, K31 < -$N$2), 1, 0) -> 0
A32: 1 | B32: 512 | C32: 0.0005 | D32: 1000 | E32: 96 | F32: 1 | G32: 0.69974811 | H32: 0.054303657 | I32: 0.3460195 | J32: =A32 & "_" & B32 & "_" & C32 & "_" & D32 & "_" & E32 -> 1_512_0.0005_1000_96 | K32: {=IF(F32=1, H32 - _xlfn.XLOOKUP(1, (J:J=J32)*(F:F=0), H:H), _xlfn.XLOOKUP(1, (J:J=J32)*(F:F=1), H:H) - H32 )} -> -0.00040860303 | L32: =IF(AND(F32=1, K32 > $N$2), 1, 0) -> 0 | M32: =IF(AND(F32=1, K32 < -$N$2), 1, 0) -> 0
A33: 1 | B33: 512 | C33: 0.0005 | D33: 1000 | E33: 96 | F33: 0 | G33: 0.70111691 | H33: 0.05471226 | I33: 0.33395826 | J33: =A33 & "_" & B33 & "_" & C33 & "_" & D33 & "_" & E33 -> 1_512_0.0005_1000_96 | K33: {=IF(F33=1, H33 - _xlfn.XLOOKUP(1, (J:J=J33)*(F:F=0), H:H), _xlfn.XLOOKUP(1, (J:J=J33)*(F:F=1), H:H) - H33 )} -> -0.00040860303 | L33: =IF(AND(F33=1, K33 > $N$2), 1, 0) -> 0 | M33: =IF(AND(F33=1, K33 < -$N$2), 1, 0) -> 0
A34: 1 | B34: 512 | C34: 0.0005 | D34: 1000 | E34: 128 | F34: 1 | G34: 0.75350006 | H34: 0.068725869 | I34: 0.45773256 | J34: =A34 & "_" & B34 & "_" & C34 & "_" & D34 & "_" & E34 -> 1_512_0.0005_1000_128 | K34: {=IF(F34=1, H34 - _xlfn.XLOOKUP(1, (J:J=J34)*(F:F=0), H:H), _xlfn.XLOOKUP(1, (J:J=J34)*(F:F=1), H:H) - H34 )} -> 0.0051193113 | L34: =IF(AND(F34=1, K34 > $N$2), 1, 0) -> 1 | M34: =IF(AND(F34=1, K34 < -$N$2), 1, 0) -> 0
A35: 1 | B35: 512 | C35: 0.0005 | D35: 1000 | E35: 128 | F35: 0 | G35: 0.7371468 | H35: 0.063606557 | I35: 0.37586283 | J35: =A35 & "_" & B35 & "_" & C35 & "_" & D35 & "_" & E35 -> 1_512_0.0005_1000_128 | K35: {=IF(F35=1, H35 - _xlfn.XLOOKUP(1, (J:J=J35)*(F:F=0), H:H), _xlfn.XLOOKUP(1, (J:J=J35)*(F:F=1), H:H) - H35 )} -> 0.0051193113 | L35: =IF(AND(F35=1, K35 > $N$2), 1, 0) -> 0 | M35: =IF(AND(F35=1, K35 < -$N$2), 1, 0) -> 0
A36: 1 | B36: 512 | C36: 0.0005 | D36: 200 | E36: 128 | F36: 1 | G36: 0.77412143 | H36: 0.075406434 | I36: 0.47614596 | J36: =A36 & "_" & B36 & "_" & C36 & "_" & D36 & "_" & E36 -> 1_512_0.0005_200_128 | K36: {=IF(F36=1, H36 - _xlfn.XLOOKUP(1, (J:J=J36)*(F:F=0), H:H), _xlfn.XLOOKUP(1, (J:J=J36)*(F:F=1), H:H) - H36 )} -> 0.014068144 | L36: =IF(AND(F36=1, K36 > $N$2), 1, 0) -> 1 | M36: =IF(AND(F36=1, K36 < -$N$2), 1, 0) -> 0
A37: 1 | B37: 512 | C37: 0.0005 | D37: 200 | E37: 128 | F37: 0 | G37: 0.72741983 | H37: 0.06133829 | I37: 0.38445825 | J37: =A37 & "_" & B37 & "_" & C37 & "_" & D37 & "_" & E37 -> 1_512_0.0005_200_128 | K37: {=IF(F37=1, H37 - _xlfn.XLOOKUP(1, (J:J=J37)*(F:F=0), H:H), _xlfn.XLOOKUP(1, (J:J=J37)*(F:F=1), H:H) - H37 )} -> 0.014068144 | L37: =IF(AND(F37=1, K37 > $N$2), 1, 0) -> 0 | M37: =IF(AND(F37=1, K37 < -$N$2), 1, 0) -> 0
A38: 1 | B38: 512 | C38: 0.0005 | D38: 1000 | E38: 160 | F38: 1 | G38: 0.77522566 | H38: 0.072659525 | I38: 0.47704665 | J38: =A38 & "_" & B38 & "_" & C38 & "_" & D38 & "_" & E38 -> 1_512_0.0005_1000_160 | K38: {=IF(F38=1, H38 - _xlfn.XLOOKUP(1, (J:J=J38)*(F:F=0), H:H), _xlfn.XLOOKUP(1, (J:J=J38)*(F:F=1), H:H) - H38 )} -> 0.0061750076 | L38: =IF(AND(F38=1, K38 > $N$2), 1, 0) -> 1 | M38: =IF(AND(F38=1, K38 < -$N$2), 1, 0) -> 0
A39: 1 | B39: 512 | C39: 0.0005 | D39: 1000 | E39: 160 | F39: 0 | G39: 0.76026585 | H39: 0.066484517 | I39: 0.40379771 | J39: =A39 & "_" & B39 & "_" & C39 & "_" & D39 & "_" & E39 -> 1_512_0.0005_1000_160 | K39: {=IF(F39=1, H39 - _xlfn.XLOOKUP(1, (J:J=J39)*(F:F=0), H:H), _xlfn.XLOOKUP(1, (J:J=J39)*(F:F=1), H:H) - H39 )} -> 0.0061750076 | L39: =IF(AND(F39=1, K39 > $N$2), 1, 0) -> 0 | M39: =IF(AND(F39=1, K39 < -$N$2), 1, 0) -> 0
... A69: 1 | B69: 512 | C69: 0.0005 | D69: 200 | E69: 32 | F69: 0 | G69: 0.6382373 | H69: 0.046479648 | I69: 0.30319654 | J69: =A69 & "_" & B69 & "_" & C69 & "_" & D69 & "_" & E69 -> 1_512_0.0005_200_32 | K69: {=IF(F69=1, H69 - _xlfn.XLOOKUP(1, (J:J=J69)*(F:F=0), H:H), _xlfn.XLOOKUP(1, (J:J=J69)*(F:F=1), H:H) - H69 )} -> 0.0009866766 | L69: =IF(AND(F69=1, K69 > $N$2), 1, 0) -> 0 | M69: =IF(AND(F69=1, K69 < -$N$2), 1, 0) -> 0
L70: =SUM(L2:L69) -> 13 | M70: =SUM(M2:M69) -> 6 | N70: =68-L70-M70 -> 49

Sheet standstill
A1: feature extraction | B1: batch size | C1: learning rate | D1: epochs | E1: msg per input | F1: bfw | G1: auc | H1: max f1 | I1: max f1 threshhold | J1: config ID | L1: Wins | M1: Loss | N1: Tie Threshold | O1: Best AUC
A2: 1 | B2: 1024 | C2: 0.0018 | D2: 1000 | E2: 192 | F2: 1 | G2: 0.85188362 | H2: 0.18079096 | I2: 0.43713624 | J2: =A2 & "_" & B2 & "_" & C2 & "_" & D2 & "_" & E2 -> 1_1024_0.0018_1000_192 | K2: {=IF(F2=1, H2 - _xlfn.XLOOKUP(1, (J:J=J2)*(F:F=0), H:H), _xlfn.XLOOKUP(1, (J:J=J2)*(F:F=1), H:H) - H2 )} -> 0.016233998 | L2: =IF(AND(F2=1, K2 > $N$2), 1, 0) -> 1 | M2: =IF(AND(F2=1, K2 < -$N$2), 1, 0) -> 0 | N2: 0.002 | O2: feature extraction | P2: batch size | Q2: learning rate | R2: epochs | S2: msg per input | T2: bfw | U2: auc | V2: max f1 | W2: max f1 threshhold | X2: config ID
A3: 1 | B3: 1024 | C3: 0.0018 | D3: 1000 | E3: 192 | F3: 1 | G3: 0.85182099 | H3: 0.18104668 | I3: 0.43708667 | J3: =A3 & "_" & B3 & "_" & C3 & "_" & D3 & "_" & E3 -> 1_1024_0.0018_1000_192 | K3: {=IF(F3=1, H3 - _xlfn.XLOOKUP(1, (J:J=J3)*(F:F=0), H:H), _xlfn.XLOOKUP(1, (J:J=J3)*(F:F=1), H:H) - H3 )} -> 0.016489714 | L3: =IF(AND(F3=1, K3 > $N$2), 1, 0) -> 1 | M3: =IF(AND(F3=1, K3 < -$N$2), 1, 0) -> 0 | O3: {=_xlfn.XLOOKUP(MAX(G:G), G:G, A:A:K:K)} -> 1 | P3: 512 | Q3: 0.002 | R3: 1000 | S3: 256 | T3: 1 | U3: 0.90683439 | V3: 0.27777778 | W3: 0.59534359 | X3: 1_512_0.002_1000_256 | Y3: 0.020708369
A4: 1 | B4: 1024 | C4: 0.0018 | D4: 1000 | E4: 192 | F4: 1 | G4: 0.85141524 | H4: 0.18104668 | I4: 0.43725314 | J4: =A4 & "_" & B4 & "_" & C4 & "_" & D4 & "_" & E4 -> 1_1024_0.0018_1000_192 | K4: {=IF(F4=1, H4 - _xlfn.XLOOKUP(1, (J:J=J4)*(F:F=0), H:H), _xlfn.XLOOKUP(1, (J:J=J4)*(F:F=1), H:H) - H4 )} -> 0.016489714 | L4: =IF(AND(F4=1, K4 > $N$2), 1, 0) -> 1 | M4: =IF(AND(F4=1, K4 < -$N$2), 1, 0) -> 0 | O4: Best F1
A5: 1 | B5: 1024 | C5: 0.0018 | D5: 1000 | E5: 192 | F5: 0 | G5: 0.83583866 | H5: 0.16455696 | I5: 0.40803759 | J5: =A5 & "_" & B5 & "_" & C5 & "_" & D5 & "_" & E5 -> 1_1024_0.0018_1000_192 | K5: {=IF(F5=1, H5 - _xlfn.XLOOKUP(1, (J:J=J5)*(F:F=0), H:H), _xlfn.XLOOKUP(1, (J:J=J5)*(F:F=1), H:H) - H5 )} -> 0.016233998 | L5: =IF(AND(F5=1, K5 > $N$2), 1, 0) -> 0 | M5: =IF(AND(F5=1, K5 < -$N$2), 1, 0) -> 0 | O5: {=_xlfn.XLOOKUP(MAX(H:H), H:H, A:A:K:K)} -> 1 | P5: 512 | Q5: 0.002 | R5: 1000 | S5: 256 | T5: 1 | U5: 0.90683439 | V5: 0.27777778 | W5: 0.59534359 | X5: 1_512_0.002_1000_256 | Y5: 0.020708369
A6: 1 | B6: 1024 | C6: 0.002 | D6: 1000 | E6: 192 | F6: 1 | G6: 0.86217724 | H6: 0.18384401 | I6: 0.44426791 | J6: =A6 & "_" & B6 & "_" & C6 & "_" & D6 & "_" & E6 -> 1_1024_0.002_1000_192 | K6: {=IF(F6=1, H6 - _xlfn.XLOOKUP(1, (J:J=J6)*(F:F=0), H:H), _xlfn.XLOOKUP(1, (J:J=J6)*(F:F=1), H:H) - H6 )} -> 0.011581237 | L6: =IF(AND(F6=1, K6 > $N$2), 1, 0) -> 1 | M6: =IF(AND(F6=1, K6 < -$N$2), 1, 0) -> 0
A7: 1 | B7: 1024 | C7: 0.0025 | D7: 1000 | E7: 192 | F7: 1 | G7: 0.85691061 | H7: 0.17928903 | I7: 0.46450395 | J7: =A7 & "_" & B7 & "_" & C7 & "_" & D7 & "_" & E7 -> 1_1024_0.0025_1000_192 | K7: {=IF(F7=1, H7 - _xlfn.XLOOKUP(1, (J:J=J7)*(F:F=0), H:H), _xlfn.XLOOKUP(1, (J:J=J7)*(F:F=1), H:H) - H7 )} -> 0.0075438739 | L7: =IF(AND(F7=1, K7 > $N$2), 1, 0) -> 1 | M7: =IF(AND(F7=1, K7 < -$N$2), 1, 0) -> 0 | O7: Average AUC with BFW | Q7: Average AUC without BFW | S7: Difference in AUC mean with BFW - without BFW
A8: 1 | B8: 1024 | C8: 0.0025 | D8: 1000 | E8: 192 | F8: 0 | G8: 0.84184871 | H8: 0.17174515 | I8: 0.42326232 | J8: =A8 & "_" & B8 & "_" & C8 & "_" & D8 & "_" & E8 -> 1_1024_0.0025_1000_192 | K8: {=IF(F8=1, H8 - _xlfn.XLOOKUP(1, (J:J=J8)*(F:F=0), H:H), _xlfn.XLOOKUP(1, (J:J=J8)*(F:F=1), H:H) - H8 )} -> 0.0075438739 | L8: =IF(AND(F8=1, K8 > $N$2), 1, 0) -> 0 | M8: =IF(AND(F8=1, K8 < -$N$2), 1, 0) -> 0 | O8: =AVERAGEIF(F:F, 1, G:G) -> 0.79716842 | Q8: =AVERAGEIF(F:F, 0, G:G) -> 0.78611839 | S8: =O8-Q8 -> 0.011050021
A9: 1 | B9: 1024 | C9: 0.002 | D9: 1000 | E9: 192 | F9: 0 | G9: 0.84635557 | H9: 0.17226277 | I9: 0.43388069 | J9: =A9 & "_" & B9 & "_" & C9 & "_" & D9 & "_" & E9 -> 1_1024_0.002_1000_192 | K9: {=IF(F9=1, H9 - _xlfn.XLOOKUP(1, (J:J=J9)*(F:F=0), H:H), _xlfn.XLOOKUP(1, (J:J=J9)*(F:F=1), H:H) - H9 )} -> 0.011581237 | L9: =IF(AND(F9=1, K9 > $N$2), 1, 0) -> 0 | M9: =IF(AND(F9=1, K9 < -$N$2), 1, 0) -> 0
A10: 1 | B10: 1024 | C10: 0.0018 | D10: 1000 | E10: 224 | F10: 1 | G10: 0.84548611 | H10: 0.16897081 | I10: 0.44860764 | J10: =A10 & "_" & B10 & "_" & C10 & "_" & D10 & "_" & E10 -> 1_1024_0.0018_1000_224 | K10: {=IF(F10=1, H10 - _xlfn.XLOOKUP(1, (J:J=J10)*(F:F=0), H:H), _xlfn.XLOOKUP(1, (J:J=J10)*(F:F=1), H:H) - H10 )} -> 0.0032731397 | L10: =IF(AND(F10=1, K10 > $N$2), 1, 0) -> 1 | M10: =IF(AND(F10=1, K10 < -$N$2), 1, 0) -> 0 | O10: AUC Mean T Test p-value | Q10: Percent Improvement in AUC mean with BFW
A11: 1 | B11: 1024 | C11: 0.0018 | D11: 1000 | E11: 224 | F11: 0 | G11: 0.82249635 | H11: 0.16569767 | I11: 0.41264083 | J11: =A11 & "_" & B11 & "_" & C11 & "_" & D11 & "_" & E11 -> 1_1024_0.0018_1000_224 | K11: {=IF(F11=1, H11 - _xlfn.XLOOKUP(1, (J:J=J11)*(F:F=0), H:H), _xlfn.XLOOKUP(1, (J:J=J11)*(F:F=1), H:H) - H11 )} -> 0.0032731397 | L11: =IF(AND(F11=1, K11 > $N$2), 1, 0) -> 0 | M11: =IF(AND(F11=1, K11 < -$N$2), 1, 0) -> 0 | O11: {=_xlfn.T.TEST(_xlfn._xlws.FILTER(G:G, F:F=1), _xlfn._xlws.FILTER(G:G, F:F=0), 2, 3)} -> 0.70284112 | Q11: =(S8)/Q8*100 -> 1.4056434
A12: 1 | B12: 1024 | C12: 0.002 | D12: 1000 | E12: 224 | F12: 1 | G12: 0.83877924 | H12: 0.17704918 | I12: 0.44672511 | J12: =A12 & "_" & B12 & "_" & C12 & "_" & D12 & "_" & E12 -> 1_1024_0.002_1000_224 | K12: {=IF(F12=1, H12 - _xlfn.XLOOKUP(1, (J:J=J12)*(F:F=0), H:H), _xlfn.XLOOKUP(1, (J:J=J12)*(F:F=1), H:H) - H12 )} -> 0.0018899447 | L12: =IF(AND(F12=1, K12 > $N$2), 1, 0) -> 0 | M12: =IF(AND(F12=1, K12 < -$N$2), 1, 0) -> 0
A13: 1 | B13: 1024 | C13: 0.0025 | D13: 1000 | E13: 224 | F13: 1 | G13: 0.83723684 | H13: 0.178125 | I13: 0.43253401 | J13: =A13 & "_" & B13 & "_" & C13 & "_" & D13 & "_" & E13 -> 1_1024_0.0025_1000_224 | K13: {=IF(F13=1, H13 - _xlfn.XLOOKUP(1, (J:J=J13)*(F:F=0), H:H), _xlfn.XLOOKUP(1, (J:J=J13)*(F:F=1), H:H) - H13 )} -> 0.0073175466 | L13: =IF(AND(F13=1, K13 > $N$2), 1, 0) -> 1 | M13: =IF(AND(F13=1, K13 < -$N$2), 1, 0) -> 0 | O13: Average F1 with BFW | Q13: Average F1 without BFW | S13: Difference in F1 mean with BFW - without BFW
A14: 1 | B14: 1024 | C14: 0.0025 | D14: 1000 | E14: 224 | F14: 0 | G14: 0.83464547 | H14: 0.17080745 | I14: 0.42844082 | J14: =A14 & "_" & B14 & "_" & C14 & "_" & D14 & "_" & E14 -> 1_1024_0.0025_1000_224 | K14: {=IF(F14=1, H14 - _xlfn.XLOOKUP(1, (J:J=J14)*(F:F=0), H:H), _xlfn.XLOOKUP(1, (J:J=J14)*(F:F=1), H:H) - H14 )} -> 0.0073175466 | L14: =IF(AND(F14=1, K14 > $N$2), 1, 0) -> 0 | M14: =IF(AND(F14=1, K14 < -$N$2), 1, 0) -> 0 | O14: =AVERAGEIF(F:F, 1, H:H) -> 0.16207982 | Q14: =AVERAGEIF(F:F, 0, H:H) -> 0.15560589 | S14: =O14-Q14 -> 0.0064739377
A15: 1 | B15: 1024 | C15: 0.002 | D15: 1000 | E15: 224 | F15: 0 | G15: 0.83431652 | H15: 0.17515924 | I15: 0.43494142 | J15: =A15 & "_" & B15 & "_" & C15 & "_" & D15 & "_" & E15 -> 1_1024_0.002_1000_224 | K15: {=IF(F15=1, H15 - _xlfn.XLOOKUP(1, (J:J=J15)*(F:F=0), H:H), _xlfn.XLOOKUP(1, (J:J=J15)*(F:F=1), H:H) - H15 )} -> 0.0018899447 | L15: =IF(AND(F15=1, K15 > $N$2), 1, 0) -> 0 | M15: =IF(AND(F15=1, K15 < -$N$2), 1, 0) -> 0
A16: 1 | B16: 256 | C16: 0.0018 | D16: 1000 | E16: 192 | F16: 1 | G16: 0.85515144 | H16: 0.17721519 | I16: 0.45286621 | J16: =A16 & "_" & B16 & "_" & C16 & "_" & D16 & "_" & E16 -> 1_256_0.0018_1000_192 | K16: {=IF(F16=1, H16 - _xlfn.XLOOKUP(1, (J:J=J16)*(F:F=0), H:H), _xlfn.XLOOKUP(1, (J:J=J16)*(F:F=1), H:H) - H16 )} -> 0.0034260161 | L16: =IF(AND(F16=1, K16 > $N$2), 1, 0) -> 1 | M16: =IF(AND(F16=1, K16 < -$N$2), 1, 0) -> 0 | O16: F1 Mean T Test p-value | Q16: Percent Improvement in AUC mean with BFW
A17: 1 | B17: 256 | C17: 0.0018 | D17: 1000 | E17: 192 | F17: 0 | G17: 0.84062873 | H17: 0.17378917 | I17: 0.42532825 | J17: =A17 & "_" & B17 & "_" & C17 & "_" & D17 & "_" & E17 -> 1_256_0.0018_1000_192 | K17: {=IF(F17=1, H17 - _xlfn.XLOOKUP(1, (J:J=J17)*(F:F=0), H:H), _xlfn.XLOOKUP(1, (J:J=J17)*(F:F=1), H:H) - H17 )} -> 0.0034260161 | L17: =IF(AND(F17=1, K17 > $N$2), 1, 0) -> 0 | M17: =IF(AND(F17=1, K17 < -$N$2), 1, 0) -> 0 | O17: {=_xlfn.T.TEST(_xlfn._xlws.FILTER(H:H, F:F=1), _xlfn._xlws.FILTER(H:H, F:F=0), 2, 3)} -> 0.64439002 | Q17: =(S14)/Q14*100 -> 4.1604709
A18: 1 | B18: 256 | C18: 0.002 | D18: 1000 | E18: 192 | F18: 1 | G18: 0.85582134 | H18: 0.1837037 | I18: 0.44218254 | J18: =A18 & "_" & B18 & "_" & C18 & "_" & D18 & "_" & E18 -> 1_256_0.002_1000_192 | K18: {=IF(F18=1, H18 - _xlfn.XLOOKUP(1, (J:J=J18)*(F:F=0), H:H), _xlfn.XLOOKUP(1, (J:J=J18)*(F:F=1), H:H) - H18 )} -> 0.011289911 | L18: =IF(AND(F18=1, K18 > $N$2), 1, 0) -> 1 | M18: =IF(AND(F18=1, K18 < -$N$2), 1, 0) -> 0
A19: 1 | B19: 256 | C19: 0.0025 | D19: 1000 | E19: 192 | F19: 1 | G19: 0.84418792 | H19: 0.17250674 | I19: 0.41383914 | J19: =A19 & "_" & B19 & "_" & C19 & "_" & D19 & "_" & E19 -> 1_256_0.0025_1000_192 | K19: {=IF(F19=1, H19 - _xlfn.XLOOKUP(1, (J:J=J19)*(F:F=0), H:H), _xlfn.XLOOKUP(1, (J:J=J19)*(F:F=1), H:H) - H19 )} -> -0.0023080763 | L19: =IF(AND(F19=1, K19 > $N$2), 1, 0) -> 0 | M19: =IF(AND(F19=1, K19 < -$N$2), 1, 0) -> 1
A20: 1 | B20: 256 | C20: 0.0025 | D20: 1000 | E20: 192 | F20: 0 | G20: 0.84330561 | H20: 0.17481481 | I20: 0.43688988 | J20: =A20 & "_" & B20 & "_" & C20 & "_" & D20 & "_" & E20 -> 1_256_0.0025_1000_192 | K20: {=IF(F20=1, H20 - _xlfn.XLOOKUP(1, (J:J=J20)*(F:F=0), H:H), _xlfn.XLOOKUP(1, (J:J=J20)*(F:F=1), H:H) - H20 )} -> -0.0023080763 | L20: =IF(AND(F20=1, K20 > $N$2), 1, 0) -> 0 | M20: =IF(AND(F20=1, K20 < -$N$2), 1, 0) -> 0 | O20: =O7 -> Average AUC with BFW | P20: =Q7 -> Average AUC without BFW | Q20: =S7 -> Difference in AUC mean with BFW - without BFW | R20: =O10 -> AUC Mean T Test p-value | S20: =Q10 -> Percent Improvement in AUC mean with BFW
A21: 1 | B21: 256 | C21: 0.002 | D21: 1000 | E21: 192 | F21: 0 | G21: 0.84841702 | H21: 0.17241379 | I21: 0.42846236 | J21: =A21 & "_" & B21 & "_" & C21 & "_" & D21 & "_" & E21 -> 1_256_0.002_1000_192 | K21: {=IF(F21=1, H21 - _xlfn.XLOOKUP(1, (J:J=J21)*(F:F=0), H:H), _xlfn.XLOOKUP(1, (J:J=J21)*(F:F=1), H:H) - H21 )} -> 0.011289911 | L21: =IF(AND(F21=1, K21 > $N$2), 1, 0) -> 0 | M21: =IF(AND(F21=1, K21 < -$N$2), 1, 0) -> 0 | O21: =O8 -> 0.79716842 | P21: =Q8 -> 0.78611839 | Q21: =S8 -> 0.011050021 | R21: =O11 -> 0.70284112 | S21: =Q11 -> 1.4056434
A22: 1 | B22: 256 | C22: 0.0018 | D22: 1000 | E22: 224 | F22: 1 | G22: 0.84177266 | H22: 0.17220544 | I22: 0.41851252 | J22: =A22 & "_" & B22 & "_" & C22 & "_" & D22 & "_" & E22 -> 1_256_0.0018_1000_224 | K22: {=IF(F22=1, H22 - _xlfn.XLOOKUP(1, (J:J=J22)*(F:F=0), H:H), _xlfn.XLOOKUP(1, (J:J=J22)*(F:F=1), H:H) - H22 )} -> -0.0038188411 | L22: =IF(AND(F22=1, K22 > $N$2), 1, 0) -> 0 | M22: =IF(AND(F22=1, K22 < -$N$2), 1, 0) -> 1
A23: 1 | B23: 256 | C23: 0.0018 | D23: 1000 | E23: 224 | F23: 0 | G23: 0.83687865 | H23: 0.17602428 | I23: 0.4249674 | J23: =A23 & "_" & B23 & "_" & C23 & "_" & D23 & "_" & E23 -> 1_256_0.0018_1000_224 | K23: {=IF(F23=1, H23 - _xlfn.XLOOKUP(1, (J:J=J23)*(F:F=0), H:H), _xlfn.XLOOKUP(1, (J:J=J23)*(F:F=1), H:H) - H23 )} -> -0.0038188411 | L23: =IF(AND(F23=1, K23 > $N$2), 1, 0) -> 0 | M23: =IF(AND(F23=1, K23 < -$N$2), 1, 0) -> 0
A24: 1 | B24: 256 | C24: 0.002 | D24: 1000 | E24: 224 | F24: 1 | G24: 0.84678363 | H24: 0.17836812 | I24: 0.47045981 | J24: =A24 & "_" & B24 & "_" & C24 & "_" & D24 & "_" & E24 -> 1_256_0.002_1000_224 | K24: {=IF(F24=1, H24 - _xlfn.XLOOKUP(1, (J:J=J24)*(F:F=0), H:H), _xlfn.XLOOKUP(1, (J:J=J24)*(F:F=1), H:H) - H24 )} -> 0.0016239354 | L24: =IF(AND(F24=1, K24 > $N$2), 1, 0) -> 0 | M24: =IF(AND(F24=1, K24 < -$N$2), 1, 0) -> 0
A25: 1 | B25: 256 | C25: 0.0025 | D25: 1000 | E25: 224 | F25: 1 | G25: 0.83468933 | H25: 0.17105263 | I25: 0.44273653 | J25: =A25 & "_" & B25 & "_" & C25 & "_" & D25 & "_" & E25 -> 1_256_0.0025_1000_224 | K25: {=IF(F25=1, H25 - _xlfn.XLOOKUP(1, (J:J=J25)*(F:F=0), H:H), _xlfn.XLOOKUP(1, (J:J=J25)*(F:F=1), H:H) - H25 )} -> -0.0050271026 | L25: =IF(AND(F25=1, K25 > $N$2), 1, 0) -> 0 | M25: =IF(AND(F25=1, K25 < -$N$2), 1, 0) -> 1
A26: 1 | B26: 256 | C26: 0.0025 | D26: 1000 | E26: 224 | F26: 0 | G26: 0.83895833 | H26: 0.17607973 | I26: 0.44345753 | J26: =A26 & "_" & B26 & "_" & C26 & "_" & D26 & "_" & E26 -> 1_256_0.0025_1000_224 | K26: {=IF(F26=1, H26 - _xlfn.XLOOKUP(1, (J:J=J26)*(F:F=0), H:H), _xlfn.XLOOKUP(1, (J:J=J26)*(F:F=1), H:H) - H26 )} -> -0.0050271026 | L26: =IF(AND(F26=1, K26 > $N$2), 1, 0) -> 0 | M26: =IF(AND(F26=1, K26 < -$N$2), 1, 0) -> 0 | O26: =O13 -> Average F1 with BFW | P26: =Q13 -> Average F1 without BFW | Q26: =S13 -> Difference in F1 mean with BFW - without BFW | R26: =O16 -> F1 Mean T Test p-value | S26: =Q16 -> Percent Improvement in AUC mean with BFW
A27: 1 | B27: 256 | C27: 0.002 | D27: 1000 | E27: 224 | F27: 0 | G27: 0.84527047 | H27: 0.17674419 | I27: 0.42542691 | J27: =A27 & "_" & B27 & "_" & C27 & "_" & D27 & "_" & E27 -> 1_256_0.002_1000_224 | K27: {=IF(F27=1, H27 - _xlfn.XLOOKUP(1, (J:J=J27)*(F:F=0), H:H), _xlfn.XLOOKUP(1, (J:J=J27)*(F:F=1), H:H) - H27 )} -> 0.0016239354 | L27: =IF(AND(F27=1, K27 > $N$2), 1, 0) -> 0 | M27: =IF(AND(F27=1, K27 < -$N$2), 1, 0) -> 0 | O27: =O14 -> 0.16207982 | P27: =Q14 -> 0.15560589 | Q27: =S14 -> 0.0064739377 | R27: =O17 -> 0.64439002 | S27: =Q17 -> 4.1604709
A28: 1 | B28: 512 | C28: 0.0005 | D28: 1000 | E28: 64 | F28: 1 | G28: 0.62343186 | H28: 0.070663812 | I28: 0.28934796 | J28: =A28 & "_" & B28 & "_" & C28 & "_" & D28 & "_" & E28 -> 1_512_0.0005_1000_64 | K28: {=IF(F28=1, H28 - _xlfn.XLOOKUP(1, (J:J=J28)*(F:F=0), H:H), _xlfn.XLOOKUP(1, (J:J=J28)*(F:F=1), H:H) - H28 )} -> -0.00092345084 | L28: =IF(AND(F28=1, K28 > $N$2), 1, 0) -> 0 | M28: =IF(AND(F28=1, K28 < -$N$2), 1, 0) -> 0
A29: 1 | B29: 512 | C29: 0.0005 | D29: 1000 | E29: 64 | F29: 0 | G29: 0.63317513 | H29: 0.071587262 | I29: 0.28512064 | J29: =A29 & "_" & B29 & "_" & C29 & "_" & D29 & "_" & E29 -> 1_512_0.0005_1000_64 | K29: {=IF(F29=1, H29 - _xlfn.XLOOKUP(1, (J:J=J29)*(F:F=0), H:H), _xlfn.XLOOKUP(1, (J:J=J29)*(F:F=1), H:H) - H29 )} -> -0.00092345084 | L29: =IF(AND(F29=1, K29 > $N$2), 1, 0) -> 0 | M29: =IF(AND(F29=1, K29 < -$N$2), 1, 0) -> 0
A30: 1 | B30: 512 | C30: 0.0005 | D30: 200 | E30: 64 | F30: 1 | G30: 0.6314862 | H30: 0.071071071 | I30: 0.35432317 | J30: =A30 & "_" & B30 & "_" & C30 & "_" & D30 & "_" & E30 -> 1_512_0.0005_200_64 | K30: {=IF(F30=1, H30 - _xlfn.XLOOKUP(1, (J:J=J30)*(F:F=0), H:H), _xlfn.XLOOKUP(1, (J:J=J30)*(F:F=1), H:H) - H30 )} -> -0.0012926519 | L30: =IF(AND(F30=1, K30 > $N$2), 1, 0) -> 0 | M30: =IF(AND(F30=1, K30 < -$N$2), 1, 0) -> 0
A31: 1 | B31: 512 | C31: 0.0005 | D31: 200 | E31: 64 | F31: 0 | G31: 0.63695492 | H31: 0.072363723 | I31: 0.28315645 | J31: =A31 & "_" & B31 & "_" & C31 & "_" & D31 & "_" & E31 -> 1_512_0.0005_200_64 | K31: {=IF(F31=1, H31 - _xlfn.XLOOKUP(1, (J:J=J31)*(F:F=0), H:H), _xlfn.XLOOKUP(1, (J:J=J31)*(F:F=1), H:H) - H31 )} -> -0.0012926519 | L31: =IF(AND(F31=1, K31 > $N$2), 1, 0) -> 0 | M31: =IF(AND(F31=1, K31 < -$N$2), 1, 0) -> 0
A32: 1 | B32: 512 | C32: 0.0005 | D32: 1000 | E32: 96 | F32: 1 | G32: 0.72746969 | H32: 0.1014245 | I32: 0.3736818 | J32: =A32 & "_" & B32 & "_" & C32 & "_" & D32 & "_" & E32 -> 1_512_0.0005_1000_96 | K32: {=IF(F32=1, H32 - _xlfn.XLOOKUP(1, (J:J=J32)*(F:F=0), H:H), _xlfn.XLOOKUP(1, (J:J=J32)*(F:F=1), H:H) - H32 )} -> 0.014658507 | L32: =IF(AND(F32=1, K32 > $N$2), 1, 0) -> 1 | M32: =IF(AND(F32=1, K32 < -$N$2), 1, 0) -> 0
A33: 1 | B33: 512 | C33: 0.0005 | D33: 1000 | E33: 96 | F33: 0 | G33: 0.70229043 | H33: 0.086765995 | I33: 0.34266765 | J33: =A33 & "_" & B33 & "_" & C33 & "_" & D33 & "_" & E33 -> 1_512_0.0005_1000_96 | K33: {=IF(F33=1, H33 - _xlfn.XLOOKUP(1, (J:J=J33)*(F:F=0), H:H), _xlfn.XLOOKUP(1, (J:J=J33)*(F:F=1), H:H) - H33 )} -> 0.014658507 | L33: =IF(AND(F33=1, K33 > $N$2), 1, 0) -> 0 | M33: =IF(AND(F33=1, K33 < -$N$2), 1, 0) -> 0
A34: 1 | B34: 512 | C34: 0.0005 | D34: 1000 | E34: 128 | F34: 1 | G34: 0.81793928 | H34: 0.148 | I34: 0.46997552 | J34: =A34 & "_" & B34 & "_" & C34 & "_" & D34 & "_" & E34 -> 1_512_0.0005_1000_128 | K34: {=IF(F34=1, H34 - _xlfn.XLOOKUP(1, (J:J=J34)*(F:F=0), H:H), _xlfn.XLOOKUP(1, (J:J=J34)*(F:F=1), H:H) - H34 )} -> 0.036065844 | L34: =IF(AND(F34=1, K34 > $N$2), 1, 0) -> 1 | M34: =IF(AND(F34=1, K34 < -$N$2), 1, 0) -> 0
A35: 1 | B35: 512 | C35: 0.0005 | D35: 1000 | E35: 128 | F35: 0 | G35: 0.76872191 | H35: 0.11193416 | I35: 0.38306103 | J35: =A35 & "_" & B35 & "_" & C35 & "_" & D35 & "_" & E35 -> 1_512_0.0005_1000_128 | K35: {=IF(F35=1, H35 - _xlfn.XLOOKUP(1, (J:J=J35)*(F:F=0), H:H), _xlfn.XLOOKUP(1, (J:J=J35)*(F:F=1), H:H) - H35 )} -> 0.036065844 | L35: =IF(AND(F35=1, K35 > $N$2), 1, 0) -> 0 | M35: =IF(AND(F35=1, K35 < -$N$2), 1, 0) -> 0
A36: 1 | B36: 512 | C36: 0.0005 | D36: 200 | E36: 128 | F36: 1 | G36: 0.77324066 | H36: 0.12817904 | I36: 0.49649303 | J36: =A36 & "_" & B36 & "_" & C36 & "_" & D36 & "_" & E36 -> 1_512_0.0005_200_128 | K36: {=IF(F36=1, H36 - _xlfn.XLOOKUP(1, (J:J=J36)*(F:F=0), H:H), _xlfn.XLOOKUP(1, (J:J=J36)*(F:F=1), H:H) - H36 )} -> 0.011495318 | L36: =IF(AND(F36=1, K36 > $N$2), 1, 0) -> 1 | M36: =IF(AND(F36=1, K36 < -$N$2), 1, 0) -> 0
A37: 1 | B37: 512 | C37: 0.0005 | D37: 200 | E37: 128 | F37: 0 | G37: 0.77681334 | H37: 0.11668373 | I37: 0.42692662 | J37: =A37 & "_" & B37 & "_" & C37 & "_" & D37 & "_" & E37 -> 1_512_0.0005_200_128 | K37: {=IF(F37=1, H37 - _xlfn.XLOOKUP(1, (J:J=J37)*(F:F=0), H:H), _xlfn.XLOOKUP(1, (J:J=J37)*(F:F=1), H:H) - H37 )} -> 0.011495318 | L37: =IF(AND(F37=1, K37 > $N$2), 1, 0) -> 0 | M37: =IF(AND(F37=1, K37 < -$N$2), 1, 0) -> 0
A38: 1 | B38: 512 | C38: 0.0005 | D38: 1000 | E38: 160 | F38: 1 | G38: 0.83175923 | H38: 0.16008316 | I38: 0.45621117 | J38: =A38 & "_" & B38 & "_" & C38 & "_" & D38 & "_" & E38 -> 1_512_0.0005_1000_160 | K38: {=IF(F38=1, H38 - _xlfn.XLOOKUP(1, (J:J=J38)*(F:F=0), H:H), _xlfn.XLOOKUP(1, (J:J=J38)*(F:F=1), H:H) - H38 )} -> 0.0054332123 | L38: =IF(AND(F38=1, K38 > $N$2), 1, 0) -> 1 | M38: =IF(AND(F38=1, K38 < -$N$2), 1, 0) -> 0
A39: 1 | B39: 512 | C39: 0.0005 | D39: 1000 | E39: 160 | F39: 0 | G39: 0.81903562 | H39: 0.15464995 | I39: 0.39713955 | J39: =A39 & "_" & B39 & "_" & C39 & "_" & D39 & "_" & E39 -> 1_512_0.0005_1000_160 | K39: {=IF(F39=1, H39 - _xlfn.XLOOKUP(1, (J:J=J39)*(F:F=0), H:H), _xlfn.XLOOKUP(1, (J:J=J39)*(F:F=1), H:H) - H39 )} -> 0.0054332123 | L39: =IF(AND(F39=1, K39 > $N$2), 1, 0) -> 0 | M39: =IF(AND(F39=1, K39 < -$N$2), 1, 0) -> 0
... A69: 1 | B69: 512 | C69: 0.0005 | D69: 200 | E69: 32 | F69: 0 | G69: 0.57409554 | H69: 0.059746079 | I69: 0.2418432 | J69: =A69 & "_" & B69 & "_" & C69 & "_" & D69 & "_" & E69 -> 1_512_0.0005_200_32 | K69: {=IF(F69=1, H69 - _xlfn.XLOOKUP(1, (J:J=J69)*(F:F=0), H:H), _xlfn.XLOOKUP(1, (J:J=J69)*(F:F=1), H:H) - H69 )} -> -0.0021815035 | L69: =IF(AND(F69=1, K69 > $N$2), 1, 0) -> 0 | M69: =IF(AND(F69=1, K69 < -$N$2), 1, 0) -> 0
L70: =SUM(L2:L69) -> 19 | M70: =SUM(M2:M69) -> 8 | N70: =68-L70-M70 -> 41

Sheet findings
A1: attack type | B1: =combined!P2 -> batch size | C1: =combined!Q2 -> learning rate | D1: =combined!R2 -> epochs | E1: =combined!S2 -> msg per input | F1: =combined!T2 -> bfw | G1: =combined!U2 -> auc | J1: attack type | K1: =combined!P2 -> batch size | L1: =combined!Q2 -> learning rate | M1: =combined!R2 -> epochs | N1: =combined!S2 -> msg per input | O1: =combined!T2 -> bfw | P1: =combined!U2 -> auc | Q1: =combined!V2 -> max f1 | R1: =combined!W2 -> max f1 threshhold | T1: attack type | U1: =combined!O20 -> Average AUC with BFW | V1: =combined!P20 -> Average AUC without BFW | W1: =combined!Q20 -> Difference in AUC mean with BFW - without BFW | X1: =combined!R20 -> AUC Mean T Test p-value | Y1: =combined!S20 -> Percent Improvement in AUC mean with BFW
A2: combined | B2: =combined!P3 -> 512 | C2: =combined!Q3 -> 0.002 | D2: =combined!R3 -> 1000 | E2: =combined!S3 -> 256 | F2: =combined!T3 -> 1 | G2: =combined!U3 -> 0.93214677 | J2: combined | K2: =combined!P5 -> 512 | L2: =combined!Q5 -> 0.002 | M2: =combined!R5 -> 1000 | N2: =combined!S5 -> 256 | O2: =combined!T5 -> 1 | P2: =combined!U5 -> 0.93214677 | Q2: =combined!V5 -> 0.18867925 | R2: =combined!W5 -> 1.3812735 | T2: combined | U2: =combined!O21 -> 0.82609576 | V2: =combined!P21 -> 0.81653984 | W2: =combined!Q21 -> 0.0095559262 | X2: =combined!R21 -> 0.76154837 | Y2: =combined!S21 -> 1.1702952
A3: dos | B3: =dos!P3 -> 512 | C3: =dos!Q3 -> 0.0001 | D3: =dos!R3 -> 1000 | E3: =dos!S3 -> 256 | F3: =dos!T3 -> 0 | G3: =dos!U3 -> 0.87194574 | J3: dos | K3: =dos!P5 -> 256 | L3: =dos!Q5 -> 0.0018 | M3: =dos!R5 -> 1000 | N3: =dos!S5 -> 224 | O3: =dos!T5 -> 0 | P3: =dos!U5 -> 0.85944816 | Q3: =dos!V5 -> 0.91271057 | R3: =dos!W5 -> 0.45090365 | T3: dos | U3: =dos!O21 -> 0.80550158 | V3: =dos!P21 -> 0.81437112 | W3: =dos!Q21 -> -0.0088695417 | X3: =dos!R21 -> 0.71461429 | Y3: =dos!S21 -> -1.0891277
A4: fuzzy | B4: =fuzzy!P3 -> 512 | C4: =fuzzy!Q3 -> 0.0005 | D4: =fuzzy!R3 -> 1000 | E4: =fuzzy!S3 -> 128 | F4: =fuzzy!T3 -> 0 | G4: =fuzzy!U3 -> 0.99966169 | J4: fuzzy | K4: =fuzzy!P5 -> 512 | L4: =fuzzy!Q5 -> 0.002 | M4: =fuzzy!R5 -> 1000 | N4: =fuzzy!S5 -> 224 | O4: =fuzzy!T5 -> 0 | P4: =fuzzy!U5 -> 0.99917371 | Q4: =fuzzy!V5 -> 0.99882214 | R4: =fuzzy!W5 -> 0.78901706 | T4: fuzzy | U4: =fuzzy!O21 -> 0.97779924 | V4: =fuzzy!P21 -> 0.97712208 | W4: =fuzzy!Q21 -> 0.00067715854 | X4: =fuzzy!R21 -> 0.97296619 | Y4: =fuzzy!S21 -> 0.069301324
A5: gear | B5: =gear!P3 -> 512 | C5: =gear!Q3 -> 0.002 | D5: =gear!R3 -> 1000 | E5: =gear!S3 -> 256 | F5: =gear!T3 -> 1 | G5: =gear!U3 -> 0.90093119 | J5: gear | K5: =gear!P5 -> 512 | L5: =gear!Q5 -> 0.002 | M5: =gear!R5 -> 1000 | N5: =gear!S5 -> 256 | O5: =gear!T5 -> 1 | P5: =gear!U5 -> 0.90093119 | Q5: =gear!V5 -> 0.21580928 | R5: =gear!W5 -> 0.54480591 | T5: gear | U5: =gear!O21 -> 0.6835091 | V5: =gear!P21 -> 0.65728403 | W5: =gear!Q21 -> 0.026225065 | X5: =gear!R21 -> 0.47752617 | Y5: =gear!S21 -> 3.9899136
A6: interval | B6: =interval!P3 -> 512 | C6: =interval!Q3 -> 0.0005 | D6: =interval!R3 -> 1000 | E6: =interval!S3 -> 32 | F6: =interval!T3 -> 1 | G6: =interval!U3 -> 0.70823392 | J6: interval | K6: =interval!P5 -> 512 | L6: =interval!Q5 -> 0.0001 | M6: =interval!R5 -> 1000 | N6: =interval!S5 -> 256 | O6: =interval!T5 -> 1 | P6: =interval!U5 -> 0.19067103 | Q6: =interval!V5 -> 0.99349417 | R6: =interval!W5 -> 0.31387565 | T6: interval | U6: =interval!O21 -> 0.57230237 | V6: =interval!P21 -> 0.56402898 | W6: =interval!Q21 -> 0.0082733879 | X6: =interval!R21 -> 0.84092411 | Y6: =interval!S21 -> 1.4668374
A7: rpm | B7: =rpm!P3 -> 512 | C7: =rpm!Q3 -> 0.002 | D7: =rpm!R3 -> 1000 | E7: =rpm!S3 -> 256 | F7: =rpm!T3 -> 1 | G7: =rpm!U3 -> 0.90610661 | J7: rpm | K7: =rpm!P5 -> 512 | L7: =rpm!Q5 -> 0.002 | M7: =rpm!R5 -> 1000 | N7: =rpm!S5 -> 256 | O7: =rpm!T5 -> 1 | P7: =rpm!U5 -> 0.90610661 | Q7: =rpm!V5 -> 0.2752809 | R7: =rpm!W5 -> 0.61349823 | T7: rpm | U7: =rpm!O21 -> 0.79943465 | V7: =rpm!P21 -> 0.78584084 | W7: =rpm!Q21 -> 0.013593813 | X7: =rpm!R21 -> 0.64711528 | Y7: =rpm!S21 -> 1.729843
A8: speed | B8: =speed!P3 -> 512 | C8: =speed!Q3 -> 0.0005 | D8: =speed!R3 -> 1000 | E8: =speed!S3 -> 256 | F8: =speed!T3 -> 1 | G8: =speed!U3 -> 0.85748067 | J8: speed | K8: =speed!P5 -> 512 | L8: =speed!Q5 -> 0.0005 | M8: =speed!R5 -> 1000 | N8: =speed!S5 -> 256 | O8: =speed!T5 -> 1 | P8: =speed!U5 -> 0.85748067 | Q8: =speed!V5 -> 0.11801242 | R8: =speed!W5 -> 0.56388203 | T8: speed | U8: =speed!O21 -> 0.76380143 | V8: =speed!P21 -> 0.75940411 | W8: =speed!Q21 -> 0.0043973157 | X8: =speed!R21 -> 0.80466765 | Y8: =speed!S21 -> 0.57904818
A9: standstill | B9: =standstill!P3 -> 512 | C9: =standstill!Q3 -> 0.002 | D9: =standstill!R3 -> 1000 | E9: =standstill!S3 -> 256 | F9: =standstill!T3 -> 1 | G9: =standstill!U3 -> 0.90683439 | J9: standstill | K9: =standstill!P5 -> 512 | L9: =standstill!Q5 -> 0.002 | M9: =standstill!R5 -> 1000 | N9: =standstill!S5 -> 256 | O9: =standstill!T5 -> 1 | P9: =standstill!U5 -> 0.90683439 | Q9: =standstill!V5 -> 0.27777778 | R9: =standstill!W5 -> 0.59534359 | T9: standstill | U9: =standstill!O21 -> 0.79716842 | V9: =standstill!P21 -> 0.78611839 | W9: =standstill!Q21 -> 0.011050021 | X9: =standstill!R21 -> 0.70284112 | Y9: =standstill!S21 -> 1.4056434
T15: attack type | U15: =combined!O26 -> Average F1 with BFW | V15: =combined!P26 -> Average F1 without BFW | W15: =combined!Q26 -> Difference in F1 mean with BFW - without BFW | X15: =combined!R26 -> F1 Mean T Test p-value | Y15: =combined!S26 -> Percent Improvement in AUC mean with BFW
T16: combined | U16: =combined!O27 -> 0.11797939 | V16: =combined!P27 -> 0.111959 | W16: =combined!Q27 -> 0.0060203876 | X16: =combined!R27 -> 0.5907157 | Y16: =combined!S27 -> 5.3773143
T17: dos | U17: =dos!O27 -> 0.86421745 | V17: =dos!P27 -> 0.87296777 | W17: =dos!Q27 -> -0.0087503198 | X17: =dos!R27 -> 0.59145095 | Y17: =dos!S27 -> -1.0023646
T18: fuzzy | U18: =fuzzy!O27 -> 0.94583645 | V18: =fuzzy!P27 -> 0.94479022 | W18: =fuzzy!Q27 -> 0.0010462246 | X18: =fuzzy!R27 -> 0.97735324 | Y18: =fuzzy!S27 -> 0.11073618
T19: gear | U19: =gear!O27 -> 0.086892499 | V19: =gear!P27 -> 0.078125988 | W19: =gear!Q27 -> 0.0087665107 | X19: =gear!R27 -> 0.37861893 | Y19: =gear!S27 -> 11.220992
T20: interval | U20: =interval!O27 -> 0.79300802 | V20: =interval!P27 -> 0.78684245 | W20: =interval!Q27 -> 0.0061655746 | X20: =interval!R27 -> 0.91155092 | Y20: =interval!S27 -> 0.78358439
T21: rpm | U21: =rpm!O27 -> 0.16173816 | V21: =rpm!P27 -> 0.15207017 | W21: =rpm!Q27 -> 0.0096679909 | X21: =rpm!R27 -> 0.48439944 | Y21: =rpm!S27 -> 6.3575852
T22: speed | U22: =speed!O27 -> 0.075177555 | V22: =speed!P27 -> 0.073300329 | W22: =speed!Q27 -> 0.0018772254 | X22: =speed!R27 -> 0.68901666 | Y22: =speed!S27 -> 2.5610054
T23: standstill | U23: =standstill!O27 -> 0.16207982 | V23: =standstill!P27 -> 0.15560589 | W23: =standstill!Q27 -> 0.0064739377 | X23: =standstill!R27 -> 0.64439002 | Y23: =standstill!S27 -> 4.1604709
